"word","n"
"kitchen",1758
"detector",1563
"apartment",1534
"tv",1271
"wifi",1246
"bedroom",1244
"dryer",1194
"friendly",1039
"air",1008
"heating",976
"bed",971
"essentials",947
"conditioning",920
"smoke",885
"hangers",803
"shampoo",773
"hair",729
"private",728
"iron",689
"carbon",687
"monoxide",687
"laptop",656
"workspace",654
"access",630
"living",630
"street",625
"parking",595
"2",591
"allowed",589
"hot",589
"building",566
"water",560
"restaurants",552
"park",547
"subway",528
"walk",523
"located",513
"bathroom",512
"free",508
"door",498
"manhattan",485
"washer",475
"space",464
"elevator",463
"1",445
"internet",445
"central",425
"coffee",418
"lock",417
"city",401
"square",395
"cable",386
"neighborhood",384
"floor",383
"checkin",377
"microwave",377
"fire",374
"refrigerator",372
"linens",360
"extinguisher",359
"missing",355
"translation",355
"close",351
"quiet",350
"train",350
"home",346
"east",339
"minutes",334
"guests",333
"aid",327
"familykid",323
"kit",322
"nyc",322
"stove",322
"blocks",318
"cooking",317
"dishes",314
"location",308
"3",307
"oven",307
"clean",306
"entrance",301
"stay",301
"beautiful",300
"silverware",297
"extra",288
"size",287
"wide",282
"maker",280
"bars",277
"spacious",277
"queen",275
"walking",273
"5",270
"host",269
"intercom",268
"basics",265
"buzzerwireless",262
"premises",258
"york",256
"heart",255
"block",249
"distance",245
"station",241
"village",240
"stays",238
"comfortable",236
"term",234
"stepfree",230
"pillows",221
"enjoy",218
"min",217
"greets",216
"blankets",214
"west",211
"paid",209
"times",209
"pets",208
"cozy",201
"en.hostingamenity50",199
"luggage",197
"studio",193
"time",193
"minute",192
"dishwasher",190
"shared",184
"closet",183
"dropoff",173
"guest",172
"steps",170
"perfect",169
"safe",169
"apt",163
"feel",160
"lines",159
"live",159
"midtown",159
"people",158
"trains",157
"en.hostingamenity49",156
"light",156
"renovated",154
"10",153
"center",151
"dining",150
"equipped",150
"entire",149
"bedrooms",148
"laundry",147
"4",146
"easy",145
"modern",145
"shops",144
"doorman",142
"furnished",140
"shower",139
"gym",138
"upper",138
"shopping",137
"6",133
"bus",133
"towels",132
"windows",132
"breakfast",129
"amazing",128
"lockbox",126
"table",126
"lots",125
"love",125
"day",124
"mins",123
"house",122
"youll",122
"sofa",121
"safety",120
"soho",120
"card",119
"24hour",116
"flat",116
"plenty",116
"im",114
"path",114
"balcony",113
"transportation",113
"nice",112
"river",111
"clearance",110
"harlem",110
"doorway",109
"views",109
"20",108
"bath",108
"convenient",108
"airbnb",106
"including",105
"15",104
"appliances",103
"beds",102
"bathtub",99
"floors",99
"mattress",98
"features",97
"amenities",96
"couch",96
"local",96
"major",96
"stores",95
"ac",94
"share",93
"museum",92
"questions",92
"short",92
"night",91
"st",91
"ceilings",90
"desk",90
"downtown",90
"line",90
"phone",90
"broadway",89
"garden",89
"unit",88
"food",86
"nearby",86
"view",86
"accessible",85
"front",85
"newly",85
"offer",85
"super",85
"7",84
"accessibleheight",84
"bright",84
"toilet",84
"airport",83
"huge",83
"provided",83
"includes",82
"lower",82
"ride",82
"travelers",82
"avenue",81
"natural",81
"cafes",80
"provide",79
"happy",78
"property",77
"stop",77
"art",76
"brand",76
"corner",76
"public",76
"tub",76
"bathrooms",75
"common",75
"subways",75
"24",74
"person",74
"district",73
"separate",73
"single",73
"attractions",72
"backyard",72
"experience",72
"grand",72
"historic",72
"note",72
"queens",72
"text",72
"business",71
"chair",71
"luxury",71
"union",71
"welllit",71
"window",71
"couples",70
"charming",69
"sunny",69
"2nd",68
"ave",68
"lovely",67
"sized",67
"jfk",66
"privacy",66
"astoria",65
"comfy",65
"smoking",65
"columbia",64
"fresh",64
"hardwood",64
"patio",64
"buses",63
"empire",63
"level",63
"lot",63
"rooftop",63
"screen",63
"stairs",63
"top",62
"check",61
"hudson",61
"netflix",61
"brick",60
"conveniently",60
"express",59
"sleeps",59
"30",58
"connection",58
"fireplace",58
"furniture",58
"hallway",57
"master",57
"brooklyn",56
"family",56
"included",56
"sleep",56
"staff",56
"couple",55
"grocery",54
"ny",54
"sheets",54
"tons",54
"walkup",54
"chelsea",53
"comfortably",53
"famous",53
"hidden",53
"rent",53
"theater",53
"youre",53
"12",52
"parks",52
"chinatown",51
"loft",51
"smart",51
"solo",51
"cleaning",50
"crib",50
"email",50
"surrounded",50
"town",50
"5th",49
"keypad",49
"neighborhoods",49
"unique",49
"wheelchair",49
"world",49
"cool",48
"keys",48
"speed",48
"terrace",48
"dresser",47
"ethernet",47
"hells",47
"hour",47
"prime",47
"service",47
"staying",47
"university",47
"gorgeous",46
"indoor",46
"museums",46
"restaurant",46
"additional",45
"classic",45
"exposed",45
"madison",45
"relax",45
"cook",44
"facing",44
"fridge",44
"king",44
"south",44
"stops",44
"decorated",43
"double",43
"galleries",43
"sunlight",43
"wall",43
"wireless",43
"adventurers",42
"cats",42
"dont",42
"ideal",42
"rest",42
"store",42
"call",41
"hotel",41
"prewar",41
"sq",41
"washington",41
"247",40
"contact",40
"main",40
"middle",40
"outdoor",40
"roof",40
"streets",40
"walls",40
"8",39
"bike",39
"brownstone",39
"conditioner",39
"families",39
"north",39
"shades",39
"storage",39
"true",39
"washerdryer",39
"entryway",38
"half",38
"machine",38
"real",38
"riverside",38
"tea",38
"toaster",38
"utensils",38
"visit",38
"accommodate",37
"book",37
"closets",37
"hours",37
"italy",37
"4th",36
"comfort",36
"downstairs",36
"explore",36
"offers",36
"pool",36
"situated",36
"supermarket",36
"supermarkets",36
"anytime",35
"bar",35
"basement",35
"booking",35
"fast",35
"friends",35
"heights",35
"lga",35
"personal",35
"relaxing",35
"roomdarkening",35
"stocked",35
"trendy",35
"twin",35
"warm",35
"ceiling",34
"deck",34
"enter",34
"extremely",34
"noise",34
"peaceful",34
"citys",33
"days",33
"easily",33
"fun",33
"nightlife",33
"quick",33
"read",33
"residential",33
"set",33
"stations",33
"vibrant",33
"3rd",32
"answer",32
"arrival",32
"feet",32
"include",32
"island",32
"morning",32
"options",32
"pots",32
"recommendations",32
"security",32
"sharing",32
"stainless",32
"suitable",32
"takes",32
"wonderful",32
"books",31
"chic",31
"childrens",31
"convenience",31
"duplex",31
"foot",31
"greenwich",31
"head",31
"leave",31
"lounge",31
"renting",31
"system",31
"beautifully",30
"charm",30
"designed",30
"designer",30
"excellent",30
"life",30
"market",30
"metro",30
"music",30
"stadium",30
"traveling",30
"centrally",29
"heat",29
"key",29
"pack",29
"pretty",29
"spaces",29
"style",29
"suite",29
"apple",28
"bridge",28
"buildings",28
"chairs",28
"columbus",28
"design",28
"diverse",28
"filled",28
"history",28
"nolita",28
"steel",28
"townhouse",28
"awesome",27
"bronx",27
"busy",27
"car",27
"circle",27
"clothes",27
"flights",27
"guards",27
"kitchenette",27
"listing",27
"luxurious",27
"meet",27
"neighbors",27
"pans",27
"playtravel",27
"price",27
"request",27
"roommates",27
"soap",27
"spots",27
"sun",27
"tree",27
"treelined",27
"tribeca",27
"wood",27
"1st",26
"basic",26
"cute",26
"dogs",26
"eat",26
"ill",26
"lively",26
"mall",26
"penn",26
"simple",26
"summer",26
"wash",26
"br",25
"complete",25
"fits",25
"ft",25
"futon",25
"grill",25
"ground",25
"hall",25
"handheld",25
"hang",25
"la",25
"late",25
"lined",25
"marble",25
"meals",25
"movie",25
"multiple",25
"rockefeller",25
"tourist",25
"williamsburg",25
"apartments",24
"checkout",24
"clubs",24
"culture",24
"de",24
"directly",24
"events",24
"flatiron",24
"foam",24
"foods",24
"fullsize",24
"inside",24
"lincoln",24
"recently",24
"story",24
"yorker",24
"23",23
"items",23
"kids",23
"laundromat",23
"makes",23
"reach",23
"rental",23
"services",23
"shop",23
"toys",23
"travel",23
"trip",23
"airy",22
"bbq",22
"cat",22
"fantastic",22
"furnishings",22
"green",22
"lives",22
"markets",22
"original",22
"sleeping",22
"taxi",22
"white",22
"wont",22
"yard",22
"boutiques",21
"community",21
"details",21
"fine",21
"gardens",21
"gas",21
"grab",21
"hulu",21
"literally",21
"office",21
"perfectly",21
"pocket",21
"popular",21
"professional",21
"roommate",21
"stylish",21
"theaters",21
"100",20
"bring",20
"channels",20
"charge",20
"drawers",20
"drive",20
"entertainment",20
"feeling",20
"manhattans",20
"memory",20
"message",20
"mirror",20
"nights",20
"ready",20
"sleeper",20
"welcoming",20
"25",19
"direct",19
"favorite",19
"fee",19
"fit",19
"gramercy",19
"les",19
"meatpacking",19
"nycs",19
"plan",19
"proximity",19
"respectful",19
"row",19
"spend",19
"theatre",19
"trees",19
"yankee",19
"9th",18
"atmosphere",18
"authentic",18
"board",18
"cafe",18
"college",18
"completely",18
"courtyard",18
"deposit",18
"electric",18
"female",18
"financial",18
"granite",18
"hard",18
"highspeed",18
"information",18
"layout",18
"lirr",18
"means",18
"metropolitan",18
"minimum",18
"onsite",18
"respect",18
"secure",18
"skyline",18
"spot",18
"television",18
"uber",18
"upstairs",18
"utilities",18
"visiting",18
"wine",18
"50",17
"airports",17
"built",17
"bustling",17
"chill",17
"cultural",17
"decor",17
"dinner",17
"en",17
"fitness",17
"fixed",17
"hbo",17
"heater",17
"hip",17
"historical",17
"hospital",17
"jazz",17
"laguardia",17
"linen",17
"reviews",17
"students",17
"watch",17
"10min",16
"1bedroom",16
"amazon",16
"banks",16
"baths",16
"belongings",16
"control",16
"environment",16
"expect",16
"featuring",16
"flexible",16
"flight",16
"flushing",16
"french",16
"haven",16
"massive",16
"meal",16
"met",16
"mile",16
"miles",16
"penthouse",16
"quaint",16
"queensize",16
"run",16
"starbucks",16
"toiletries",16
"transport",16
"traveler",16
"week",16
"ample",15
"beach",15
"body",15
"coming",15
"complimentary",15
"concierge",15
"dog",15
"drink",15
"drop",15
"eating",15
"exploring",15
"finishes",15
"hill",15
"italian",15
"month",15
"nestled",15
"pharmacy",15
"pictures",15
"queensized",15
"residence",15
"special",15
"supplies",15
"tips",15
"treat",15
"united",15
"updated",15
"vacation",15
"0",14
"125th",14
"456",14
"addition",14
"apollo",14
"authority",14
"casa",14
"character",14
"concerns",14
"description",14
"el",14
"exciting",14
"fan",14
"inch",14
"lamp",14
"leather",14
"lobby",14
"nations",14
"noho",14
"nw",14
"pizza",14
"play",14
"port",14
"providing",14
"rare",14
"red",14
"sightseeing",14
"sink",14
"sofabed",14
"stand",14
"step",14
"website",14
"winter",14
"1015",13
"13",13
"40",13
"55",13
"9",13
"absolutely",13
"accommodates",13
"arrive",13
"beauty",13
"bedding",13
"bit",13
"blender",13
"bustle",13
"care",13
"closest",13
"countless",13
"dry",13
"elegant",13
"forward",13
"freedom",13
"friend",13
"fullsized",13
"groceries",13
"hope",13
"iconic",13
"interior",13
"ironing",13
"ive",13
"lighting",13
"lived",13
"livingroom",13
"locked",13
"moma",13
"morningside",13
"movies",13
"oasis",13
"overlooking",13
"piano",13
"pullout",13
"roku",13
"skylight",13
"stunning",13
"tower",13
"trade",13
"transit",13
"uptown",13
"variety",13
"24hr",12
"86th",12
"8th",12
"advance",12
"amount",12
"app",12
"assist",12
"attached",12
"avenues",12
"brownstones",12
"citi",12
"cleaned",12
"cross",12
"delicious",12
"depending",12
"dinning",12
"doesnt",12
"doors",12
"dvd",12
"ensure",12
"glass",12
"hallways",12
"highline",12
"hosting",12
"hustle",12
"inviting",12
"kettle",12
"neighbourhood",12
"nespresso",12
"nicely",12
"numerous",12
"party",12
"pleasant",12
"prior",12
"quality",12
"send",12
"sits",12
"standards",12
"towel",12
"typical",12
"yoga",12
"youd",12
"1br",11
"45",11
"60",11
"6th",11
"advice",11
"affordable",11
"approximately",11
"artists",11
"border",11
"botanical",11
"builtin",11
"calm",11
"cell",11
"commute",11
"computer",11
"connected",11
"cosy",11
"counter",11
"countertops",11
"curtains",11
"daily",11
"deli",11
"delis",11
"directions",11
"enjoying",11
"facilities",11
"freshly",11
"functional",11
"game",11
"hdtv",11
"hear",11
"hesitate",11
"highend",11
"httpswww",11
"individual",11
"left",11
"lexington",11
"low",11
"medical",11
"minimal",11
"months",11
"opposite",11
"pet",11
"pharmacies",11
"photos",11
"plates",11
"player",11
"plaza",11
"professionally",11
"retreat",11
"rules",11
"running",11
"school",11
"sectional",11
"sit",11
"spectacular",11
"standard",11
"sunnyside",11
"taste",11
"tempurpedic",11
"total",11
"una",11
"unwind",11
"vibe",11
"visitors",11
"washing",11
"yorks",11
"123",10
"2br",10
"35",10
"500",10
"abcd",10
"adults",10
"american",10
"artsy",10
"artwork",10
"availability",10
"baby",10
"bakery",10
"bikes",10
"blackout",10
"blvd",10
"boutique",10
"century",10
"choose",10
"cost",10
"couches",10
"coziness",10
"cuisine",10
"direction",10
"ensuite",10
"european",10
"feels",10
"garage",10
"greet",10
"guggenheim",10
"hairdryer",10
"homey",10
"hotels",10
"housekeeping",10
"incredibly",10
"interact",10
"library",10
"lightfilled",10
"lyft",10
"macys",10
"maximum",10
"memorial",10
"mi",10
"mind",10
"nearest",10
"offering",10
"parties",10
"pay",10
"pick",10
"pre",10
"prefer",10
"prepare",10
"professionals",10
"profile",10
"pull",10
"quickly",10
"rack",10
"reachable",10
"rego",10
"ridgewood",10
"runs",10
"sanctuary",10
"seating",10
"separated",10
"socialize",10
"sound",10
"streaming",10
"taking",10
"uws",10
"walkin",10
"whitney",10
"zoo",10
"5min",9
"911",9
"action",9
"added",9
"ambiance",9
"appointed",9
"architecture",9
"av",9
"babysitter",9
"breeze",9
"bryant",9
"buy",9
"carnegie",9
"cheap",9
"china",9
"climb",9
"comforts",9
"cookware",9
"discount",9
"due",9
"eateries",9
"evening",9
"extended",9
"fancy",9
"fashionable",9
"ferry",9
"flatscreen",9
"hand",9
"hanging",9
"highrise",9
"holiday",9
"hosts",9
"hundreds",9
"immediately",9
"incredible",9
"larger",9
"lights",9
"malls",9
"max",9
"meeting",9
"mention",9
"mounted",9
"nightstand",9
"occupied",9
"peace",9
"pm",9
"pressure",9
"seaport",9
"season",9
"serene",9
"shake",9
"shelves",9
"site",9
"stands",9
"star",9
"stuff",9
"su",9
"surrounding",9
"tennis",9
"totally",9
"tvs",9
"unlimited",9
"venues",9
"waterfront",9
"wooden",9
"1520",8
"16",8
"2bedroom",8
"300",8
"42",8
"42nd",8
"75",8
"abundance",8
"airconditioning",8
"alphabet",8
"appartment",8
"artist",8
"assistance",8
"basketball",8
"bc",8
"black",8
"boasts",8
"box",8
"bushwick",8
"busses",8
"cab",8
"catch",8
"children",8
"chinese",8
"club",8
"code",8
"commercial",8
"con",8
"condominium",8
"connect",8
"connections",8
"contemporary",8
"converted",8
"cooker",8
"cuisines",8
"decorative",8
"desirable",8
"dish",8
"disposal",8
"drinks",8
"elevators",8
"empty",8
"english",8
"es",8
"evenings",8
"fashion",8
"fees",8
"females",8
"flooring",8
"forest",8
"fourth",8
"freezer",8
"garbage",8
"gem",8
"guardia",8
"health",8
"id",8
"ingredients",8
"international",8
"inunit",8
"jackson",8
"joes",8
"john",8
"kitchenliving",8
"landmarks",8
"list",8
"loaded",8
"longterm",8
"lounges",8
"mattresses",8
"monthly",8
"onebedroom",8
"outlet",8
"pad",8
"pillow",8
"plants",8
"plush",8
"radius",8
"rear",8
"recommend",8
"relaxed",8
"required",8
"reservation",8
"residents",8
"respond",8
"responsible",8
"romantic",8
"rooster",8
"section",8
"sitting",8
"snacks",8
"soft",8
"speakers",8
"stair",8
"suggestions",8
"sunset",8
"sweet",8
"swimming",8
"tables",8
"tenants",8
"tidy",8
"tile",8
"tiled",8
"tompkins",8
"touch",8
"triplex",8
"units",8
"upscale",8
"video",8
"war",8
"000",7
"11",7
"14",7
"15min",7
"250",7
"800",7
"81st",7
"96th",7
"accept",7
"adjacent",7
"alcove",7
"array",7
"battery",7
"bay",7
"biggest",7
"bldg",7
"breathtaking",7
"brings",7
"caf",7
"campus",7
"chefs",7
"chest",7
"chrysler",7
"church",7
"citibike",7
"clothing",7
"complementary",7
"condition",7
"condo",7
"console",7
"conveniences",7
"coolest",7
"covers",7
"crosstown",7
"daybed",7
"deal",7
"energy",7
"entertaining",7
"entry",7
"exchange",7
"experiences",7
"fabulous",7
"fort",7
"found",7
"frame",7
"fulton",7
"getaway",7
"glad",7
"gourmet",7
"greek",7
"guide",7
"happening",7
"hd",7
"houston",7
"hub",7
"industrial",7
"instructions",7
"interaction",7
"jogging",7
"landmark",7
"latin",7
"limited",7
"listed",7
"lit",7
"locks",7
"loud",7
"majority",7
"mid",7
"minimalist",7
"moved",7
"moving",7
"native",7
"nyu",7
"organized",7
"packed",7
"persons",7
"pickup",7
"premium",7
"projector",7
"pubs",7
"range",7
"rarely",7
"rates",7
"readily",7
"receive",7
"renovation",7
"requested",7
"resident",7
"restful",7
"return",7
"seats",7
"steinway",7
"stereo",7
"studios",7
"sugar",7
"sunshine",7
"surround",7
"target",7
"taxis",7
"terminal",7
"ton",7
"tourists",7
"trader",7
"traffic",7
"twobedroom",7
"types",7
"ues",7
"ultra",7
"villa",7
"weekend",7
"worldclass",7
"14th",6
"17",6
"18",6
"200",6
"30th",6
"32",6
"34",6
"600",6
"95",6
"accessed",6
"accommodation",6
"ace",6
"acres",6
"activities",6
"address",6
"adventure",6
"andor",6
"august",6
"bags",6
"bd",6
"biweekly",6
"bleecker",6
"blue",6
"bridges",6
"cabinets",6
"calls",6
"change",6
"cold",6
"combo",6
"company",6
"concrete",6
"conditioned",6
"consists",6
"court",6
"custom",6
"dates",6
"decoration",6
"desired",6
"destinations",6
"divine",6
"donuts",6
"dream",6
"drenched",6
"drier",6
"dunkin",6
"eatin",6
"eclectic",6
"electricity",6
"emails",6
"escape",6
"est",6
"exclusive",6
"expensive",6
"exposure",6
"exterior",6
"facility",6
"fans",6
"field",6
"fields",6
"fill",6
"finished",6
"firestick",6
"fordham",6
"forget",6
"fulltime",6
"fullyequipped",6
"gallery",6
"galore",6
"george",6
"glasses",6
"guys",6
"gyms",6
"hamilton",6
"hills",6
"independent",6
"inquire",6
"instant",6
"institutions",6
"issues",6
"jacuzzi",6
"javits",6
"keeping",6
"kinds",6
"laid",6
"las",6
"leading",6
"link",6
"locals",6
"locations",6
"lost",6
"maintained",6
"mcdonalds",6
"meaning",6
"mere",6
"messaging",6
"milk",6
"minifridge",6
"mornings",6
"move",6
"multicultural",6
"musicians",6
"neat",6
"neighbor",6
"oak",6
"option",6
"pantry",6
"pot",6
"products",6
"question",6
"quintessential",6
"remember",6
"remodeled",6
"remote",6
"renowned",6
"rentals",6
"reservations",6
"rice",6
"riverbank",6
"road",6
"rollin",6
"round",6
"save",6
"scene",6
"schedule",6
"score",6
"seeking",6
"sense",6
"serve",6
"shack",6
"shoes",6
"shuttle",6
"sites",6
"sleek",6
"sounds",6
"spanish",6
"spices",6
"stone",6
"stools",6
"student",6
"subwaymetro",6
"sushi",6
"talk",6
"tastefully",6
"ten",6
"tenant",6
"tools",6
"townhouses",6
"tranquil",6
"travels",6
"type",6
"unbeatable",6
"urban",6
"vibes",6
"walks",6
"wardrobe",6
"weekends",6
"wellequipped",6
"wife",6
"women",6
"worlds",6
"wyndham",6
"103rd",5
"11am",5
"11pm",5
"1920s",5
"2017",5
"22",5
"34th",5
"36th",5
"400",5
"46",5
"48",5
"59th",5
"72nd",5
"77th",5
"7th",5
"8mins",5
"absolute",5
"antique",5
"approx",5
"armchair",5
"arrange",5
"artistic",5
"bakeries",5
"base",5
"baseball",5
"bedroom1",5
"blinds",5
"blow",5
"bohemian",5
"booked",5
"bother",5
"bottom",5
"brandnew",5
"budget",5
"bungalow",5
"burger",5
"cameras",5
"cathedral",5
"chaise",5
"changing",5
"child",5
"class",5
"cleaner",5
"cohost",5
"collection",5
"colors",5
"complain",5
"connects",5
"considerate",5
"convertible",5
"couldnt",5
"culturally",5
"cup",5
"cutlery",5
"daughter",5
"deep",5
"designers",5
"detailed",5
"dos",5
"drawer",5
"edge",5
"elmhurst",5
"endless",5
"enormous",5
"essential",5
"europe",5
"exceptions",5
"fall",5
"fidi",5
"fixtures",5
"flooded",5
"flowers",5
"fmjz",5
"fold",5
"gates",5
"generous",5
"girls",5
"giving",5
"globe",5
"hands",5
"hanger",5
"hectic",5
"highways",5
"holidays",5
"homely",5
"hottest",5
"ideally",5
"ihop",5
"importantly",5
"indian",5
"inexpensive",5
"inquiries",5
"inroom",5
"inspired",5
"inwood",5
"isnt",5
"japanese",5
"keyed",5
"kitchens",5
"lafayette",5
"leads",5
"leaving",5
"led",5
"livingdining",5
"lo",5
"loved",5
"m79",5
"magical",5
"march",5
"mbps",5
"meant",5
"meets",5
"meters",5
"midcentury",5
"mine",5
"northern",5
"organic",5
"ottoman",5
"overlooks",5
"painted",5
"paper",5
"para",5
"parlor",5
"past",5
"personally",5
"pics",5
"piers",5
"policy",5
"pop",5
"potential",5
"preferred",5
"press",5
"prince",5
"printer",5
"railroad",5
"rate",5
"reception",5
"rented",5
"require",5
"residences",5
"restored",5
"restrictions",5
"riverdale",5
"roomy",5
"safest",5
"sala",5
"se",5
"seat",5
"secret",5
"secured",5
"select",5
"served",5
"serves",5
"sets",5
"sex",5
"shares",5
"shelf",5
"sight",5
"sights",5
"simply",5
"singles",5
"soaps",5
"social",5
"sophisticated",5
"spa",5
"spotless",5
"spread",5
"spring",5
"sqft",5
"steam",5
"steamer",5
"stock",5
"stoveoven",5
"straight",5
"stroll",5
"sunlit",5
"surf",5
"tax",5
"temperature",5
"tiny",5
"touches",5
"tour",5
"touristy",5
"traditional",5
"transfer",5
"trash",5
"tryon",5
"typically",5
"ultimate",5
"unbelievable",5
"unforgettable",5
"valet",5
"vintage",5
"waiting",5
"walkable",5
"weve",5
"yellow",5
"100s",4
"10th",4
"12th",4
"150",4
"24h",4
"28th",4
"2min",4
"30mins",4
"31st",4
"4k",4
"50th",4
"59",4
"accents",4
"acs",4
"add",4
"additionally",4
"adorable",4
"adult",4
"airline",4
"allowing",4
"alternative",4
"amsterdam",4
"arguably",4
"asian",4
"astor",4
"attention",4
"attraction",4
"awaits",4
"balance",4
"bank",4
"basically",4
"beat",4
"bedford",4
"beer",4
"biking",4
"bk",4
"boiler",4
"bookings",4
"boroughs",4
"bowery",4
"brazil",4
"bread",4
"breath",4
"bruckner",4
"brunch",4
"bunk",4
"cabinet",4
"cabs",4
"called",4
"canal",4
"cared",4
"carpet",4
"casino",4
"centers",4
"centrallylocated",4
"cereal",4
"cha",4
"charges",4
"chromecast",4
"cleanliness",4
"cloisters",4
"cm",4
"cobblestone",4
"colleges",4
"communal",4
"communicate",4
"communication",4
"compared",4
"complex",4
"conditioners",4
"considered",4
"cooked",4
"cotton",4
"count",4
"country",4
"crash",4
"crazy",4
"crowded",4
"crowds",4
"cupboard",4
"cups",4
"cusp",4
"dance",4
"deco",4
"departure",4
"designated",4
"desire",4
"destination",4
"devices",4
"di",4
"dinnerware",4
"discounts",4
"diversity",4
"dominican",4
"download",4
"duane",4
"easier",4
"eastern",4
"eats",4
"eggs",4
"emergency",4
"equip",4
"espresso",4
"ethnic",4
"ev",4
"everyday",4
"exceptional",4
"excitement",4
"exquisite",4
"fairly",4
"fastest",4
"feature",4
"fellow",4
"filmed",4
"finest",4
"fitted",4
"fl",4
"floorthrough",4
"folks",4
"form",4
"frequent",4
"funky",4
"furnitures",4
"games",4
"gap",4
"gems",4
"goal",4
"harlems",4
"hassle",4
"heated",4
"heaters",4
"helpful",4
"hes",4
"highly",4
"homes",4
"hop",4
"hosted",4
"hotspots",4
"hrs",4
"hush",4
"image",4
"immaculate",4
"immersed",4
"industry",4
"infused",4
"invite",4
"jamaica",4
"jog",4
"join",4
"jungle",4
"junior",4
"killer",4
"kitchenware",4
"knowledge",4
"kosher",4
"largest",4
"lcd",4
"levels",4
"livein",4
"loving",4
"m60",4
"magnificent",4
"magnolia",4
"management",4
"marathon",4
"mass",4
"messages",4
"mexican",4
"mini",4
"mix",4
"mixed",4
"mott",4
"mta",4
"named",4
"natuzzi",4
"necessities",4
"neighboring",4
"network",4
"newlyrenovated",4
"nicholas",4
"nomad",4
"nonsmoking",4
"nook",4
"nursery",4
"oriented",4
"outfitted",4
"outstanding",4
"overlook",4
"oversized",4
"owner",4
"packing",4
"paths",4
"picnic",4
"picture",4
"pictured",4
"planet",4
"platform",4
"polished",4
"potspans",4
"pricing",4
"primarily",4
"privileges",4
"pulls",4
"pup",4
"puppy",4
"q3",4
"reached",4
"reade",4
"reason",4
"reasons",4
"refurbished",4
"regular",4
"renovations",4
"reside",4
"respite",4
"resting",4
"restroom",4
"rich",4
"rite",4
"rivington",4
"ro",4
"rockaway",4
"roy",4
"rugs",4
"schedules",4
"schools",4
"serving",4
"sheet",4
"showtime",4
"slippers",4
"soak",4
"son",4
"sonder",4
"sonos",4
"soul",4
"speakeasies",4
"spending",4
"sprawling",4
"stateoftheart",4
"steal",4
"stick",4
"stones",4
"stoop",4
"stovetop",4
"stretch",4
"strong",4
"study",4
"sublet",4
"suggest",4
"suitcase",4
"suitcases",4
"superb",4
"thai",4
"thanksgiving",4
"themed",4
"theyre",4
"thick",4
"thoughtfully",4
"throw",4
"topper",4
"tops",4
"touristic",4
"towers",4
"travelling",4
"trendiest",4
"twinsize",4
"visitor",4
"wa",4
"wait",4
"wake",4
"warner",4
"watching",4
"weekdays",4
"welcomed",4
"westfacing",4
"wholefoods",4
"wilkins",4
"win",4
"workout",4
"worry",4
"worth",4
"yards",4
"yorkers",4
"youtube",4
"youve",4
"zen",4
"00",3
"1000",3
"10minute",3
"110",3
"110th",3
"1200",3
"1215",3
"145th",3
"15mins",3
"19",3
"19th",3
"1min",3
"2018",3
"20mins",3
"20th",3
"25min",3
"29th",3
"2bdr",3
"2minute",3
"36",3
"360",3
"37",3
"3br",3
"3pm",3
"45th",3
"510",3
"57",3
"5minute",3
"63rd",3
"67th",3
"6pm",3
"8min",3
"ability",3
"abyssinian",3
"acbd",3
"accesses",3
"accessibility",3
"accommodating",3
"accommodations",3
"acheat",3
"actors",3
"adjusted",3
"adventures",3
"african",3
"age",3
"airconditioner",3
"allergic",3
"alot",3
"amazingly",3
"antiques",3
"apartement",3
"apartme",3
"apply",3
"april",3
"architectural",3
"arranged",3
"arriving",3
"asap",3
"ashe",3
"austin",3
"avail",3
"average",3
"aware",3
"bad",3
"bagel",3
"bagels",3
"banana",3
"bao",3
"baptist",3
"bare",3
"barrio",3
"based",3
"basket",3
"bdf",3
"bdfm",3
"bdr",3
"beacon",3
"beautifullydecorated",3
"bed1",3
"beddings",3
"bench",3
"benefit",3
"bicycle",3
"bigger",3
"bistros",3
"blanket",3
"bloomingdales",3
"blowup",3
"bookcase",3
"bottled",3
"bottomless",3
"boyfriend",3
"break",3
"bricks",3
"broodthaers",3
"brown",3
"burning",3
"butchers",3
"buzzer",3
"cabinetry",3
"calendar",3
"california",3
"camas",3
"camera",3
"candles",3
"careful",3
"carl",3
"carpeted",3
"carrying",3
"cast",3
"castle",3
"casual",3
"ce",3
"celebrity",3
"charger",3
"chat",3
"cheaper",3
"checkins",3
"cheese",3
"choice",3
"choices",3
"choosing",3
"chose",3
"churches",3
"cinema",3
"cinemas",3
"cities",3
"cl",3
"cleaners",3
"clinton",3
"closeby",3
"closer",3
"coat",3
"coffeemaker",3
"collected",3
"color",3
"colorful",3
"combination",3
"comforter",3
"concept",3
"concern",3
"concerts",3
"condiments",3
"constant",3
"construction",3
"continental",3
"continues",3
"controlled",3
"convent",3
"corona",3
"counters",3
"create",3
"created",3
"creating",3
"credit",3
"crews",3
"cricket",3
"crossroads",3
"curtain",3
"cvs",3
"dakota",3
"dark",3
"date",3
"dcor",3
"decent",3
"dedicated",3
"del",3
"delightful",3
"desires",3
"desks",3
"detail",3
"dim",3
"dine",3
"diner",3
"diningliving",3
"discover",3
"discretion",3
"ditmars",3
"divider",3
"dock",3
"dollar",3
"doorstep",3
"doubles",3
"douglass",3
"dozens",3
"dramatic",3
"draw",3
"dressing",3
"dryers",3
"dynamic",3
"earlylate",3
"earth",3
"ease",3
"eastfacing",3
"easygoing",3
"ef",3
"efficient",3
"electrical",3
"elm",3
"emergencies",3
"employees",3
"enclosed",3
"energetic",3
"enjoyable",3
"entering",3
"entrada",3
"equal",3
"equinox",3
"equiped",3
"equipment",3
"estar",3
"event",3
"exception",3
"excited",3
"exercise",3
"expense",3
"experiencing",3
"extras",3
"eyes",3
"famed",3
"farmers",3
"fifteen",3
"finally",3
"finger",3
"fingertips",3
"fios",3
"fireplaces",3
"firm",3
"fish",3
"floorplan",3
"folds",3
"follow",3
"footsteps",3
"fountain",3
"frederick",3
"frick",3
"fruits",3
"fulllength",3
"functioning",3
"garages",3
"garment",3
"gel",3
"gladly",3
"golden",3
"golf",3
"gracious",3
"graduate",3
"greatly",3
"greeting",3
"guarantee",3
"guitar",3
"gut",3
"hangout",3
"hearth",3
"heaven",3
"heavy",3
"herbs",3
"hide",3
"highway",3
"hilton",3
"hispeed",3
"holds",3
"hospitals",3
"hostel",3
"houses",3
"hr",3
"hubs",3
"husband",3
"ice",3
"ikea",3
"imagine",3
"impeccably",3
"inbuilding",3
"inflatable",3
"inhouse",3
"inout",3
"inquiry",3
"installed",3
"intimate",3
"ipod",3
"irving",3
"issue",3
"jacob",3
"january",3
"july",3
"keurig",3
"keyboard",3
"keycafe",3
"kick",3
"kid",3
"kindly",3
"kingsize",3
"kips",3
"ladder",3
"lamps",3
"land",3
"landing",3
"landmarked",3
"landscaped",3
"launching",3
"leaves",3
"lemony",3
"length",3
"lenox",3
"lgbt",3
"lic",3
"listen",3
"loads",3
"lofted",3
"loftlike",3
"lofty",3
"lovingly",3
"ludlow",3
"lux",3
"luxuries",3
"m15",3
"m7",3
"mac",3
"magic",3
"mail",3
"mailbox",3
"maintenance",3
"male",3
"mansion",3
"mantle",3
"map",3
"marked",3
"marks",3
"marshalls",3
"mate",3
"mats",3
"mature",3
"mbnb",3
"meat",3
"memorable",3
"metal",3
"meticulously",3
"mets",3
"mingle",3
"mixer",3
"model",3
"modernly",3
"moment",3
"money",3
"moroccan",3
"murray",3
"national",3
"navigate",3
"newark",3
"news",3
"nexus",3
"noisy",3
"notice",3
"nr",3
"occasionally",3
"occupies",3
"offered",3
"operated",3
"outdoors",3
"overnight",3
"owneroccupied",3
"package",3
"panoramic",3
"parker",3
"parkway",3
"partial",3
"passes",3
"paying",3
"perched",3
"perishable",3
"permanently",3
"phonetext",3
"photography",3
"pieces",3
"planning",3
"planted",3
"plasma",3
"playroom",3
"plentiful",3
"pools",3
"population",3
"porch",3
"positive",3
"possibly",3
"ppl",3
"premier",3
"prepared",3
"prestigious",3
"prices",3
"primary",3
"privately",3
"progressive",3
"promenade",3
"promise",3
"proper",3
"ps1",3
"quarters",3
"quieter",3
"quipped",3
"radiator",3
"radio",3
"ralph",3
"rated",3
"rea",3
"reading",3
"receives",3
"recliner",3
"refer",3
"refrigeratorfreezer",3
"relaxation",3
"republic",3
"requirement",3
"requires",3
"resort",3
"retail",3
"rise",3
"rises",3
"rm",3
"rock",3
"roomates",3
"roomdining",3
"roomkitchen",3
"rug",3
"sandwiched",3
"sandwiches",3
"sauna",3
"scenic",3
"schurz",3
"sculpture",3
"selfcheckin",3
"sensitive",3
"seventh",3
"shampoos",3
"shelving",3
"shoe",3
"shortterm",3
"showering",3
"showertub",3
"sidewalks",3
"sightings",3
"sign",3
"silent",3
"silver",3
"skip",3
"sky",3
"skyscrapers",3
"smoker",3
"smokers",3
"socrates",3
"sought",3
"spare",3
"sparkling",3
"speak",3
"speaking",3
"specialty",3
"split",3
"starts",3
"stories",3
"stoves",3
"streetfacing",3
"strivers",3
"strolls",3
"suburban",3
"subwaysbuses",3
"subzero",3
"suites",3
"summertime",3
"sunfilled",3
"supplied",3
"supply",3
"support",3
"surprisingly",3
"suspended",3
"tall",3
"tallest",3
"tasteful",3
"taxes",3
"team",3
"technology",3
"terms",3
"terraced",3
"terraces",3
"texts",3
"tha",3
"theatres",3
"thirty",3
"thread",3
"threebedroom",3
"till",3
"tim",3
"tj",3
"tofrom",3
"tranquility",3
"trundle",3
"twenty",3
"umbrellas",3
"unable",3
"uniquely",3
"upbeat",3
"vanity",3
"vaulted",3
"verizon",3
"vinyl",3
"ware",3
"waterfall",3
"wear",3
"wed",3
"wellappointed",3
"wellmaintained",3
"western",3
"windowed",3
"wishes",3
"woodside",3
"wyckoff",3
"xbox",3
"zone",3
"100mbs",2
"108th",2
"10am",2
"10ft",2
"10mins",2
"1100",2
"11th",2
"1232",2
"1300",2
"135",2
"1400",2
"1500",2
"15minute",2
"175th",2
"1800s",2
"1851",2
"1860s",2
"1886",2
"18th",2
"1900",2
"1910",2
"1acdf",2
"1bdr",2
"1bed",2
"1day",2
"1pm",2
"2000",2
"2014",2
"2019",2
"21",2
"21st",2
"26",2
"27",2
"29",2
"3035",2
"30day",2
"33",2
"35mins",2
"3bd",2
"3bedroom",2
"3min",2
"46th",2
"49",2
"495",2
"4pm",2
"51",2
"57th",2
"5mins",2
"65inch",2
"66",2
"6ft",2
"6min",2
"70",2
"70s",2
"711",2
"79th",2
"810",2
"82nd",2
"86",2
"875",2
"90s",2
"9pm",2
"absorbs",2
"abundant",2
"acce",2
"accessories",2
"accommodated",2
"accomodations",2
"acheating",2
"act",2
"activity",2
"actual",2
"ad",2
"addl",2
"adorned",2
"advantage",2
"advertised",2
"affluent",2
"agree",2
"agreed",2
"aibnb",2
"airbnbs",2
"airmattress",2
"al",2
"alcohol",2
"alike",2
"ambience",2
"amenityfilled",2
"america",2
"americans",2
"amidst",2
"amys",2
"ann",2
"answe",2
"antenna",2
"antiguo",2
"apivita",2
"appliance",2
"applicable",2
"appointment",2
"apps",2
"ar",2
"architects",2
"areasthermostats",2
"arent",2
"armchairs",2
"arrangement",2
"arrangements",2
"arrivaldeparture",2
"arthur",2
"artistically",2
"asset",2
"assistant",2
"atc",2
"atrain",2
"attend",2
"attitude",2
"avoid",2
"bake",2
"barber",2
"barnard",2
"barrel",2
"barsrestaurants",2
"baruch",2
"bat",2
"bathed",2
"bayside",2
"bb",2
"bbqs",2
"bderoom",2
"bdrm",2
"beaches",2
"beans",2
"bedrooms2",2
"bedroomsleeps",2
"bedside",2
"beekman",2
"beginning",2
"begins",2
"belongs",2
"bite",2
"bjs",2
"blazing",2
"blk",2
"blocking",2
"bluetooth",2
"boards",2
"boat",2
"bodegas",2
"bodes",2
"boho",2
"bonus",2
"bookshelf",2
"bookshops",2
"bordered",2
"bordering",2
"born",2
"boro",2
"bottles",2
"bowls",2
"boxes",2
"breakfasts",2
"breaking",2
"breathe",2
"breezy",2
"browsing",2
"bull",2
"bureau",2
"burgers",2
"burner",2
"burners",2
"bursting",2
"businesses",2
"butter",2
"cabletv",2
"cada",2
"cafs",2
"calltext",2
"cama",2
"canopy",2
"cap",2
"captivating",2
"carpets",2
"cars",2
"cash",2
"casper",2
"cb",2
"cellar",2
"cental",2
"centered",2
"centerof",2
"cerca",2
"cereals",2
"chance",2
"charismatic",2
"chase",2
"checking",2
"chef",2
"chelseas",2
"chile",2
"chilled",2
"chimney",2
"christmas",2
"christopher",2
"chrome",2
"chromecasts",2
"citarella",2
"citibikes",2
"citifield",2
"clawfoot",2
"cleared",2
"click",2
"clicking",2
"climate",2
"climbing",2
"closetspace",2
"cloudlike",2
"coach",2
"cobbled",2
"cocktail",2
"coliving",2
"colleagues",2
"colonial",2
"combines",2
"comedy",2
"comments",2
"commerce",2
"commitmentfree",2
"commons",2
"communicated",2
"communities",2
"completed",2
"comrooms44461",2
"concert",2
"confortable",2
"conscious",2
"constructed",2
"contacting",2
"contents",2
"continue",2
"convection",2
"conversation",2
"convert",2
"converts",2
"cooks",2
"cooktop",2
"cooler",2
"copy",2
"corridor",2
"costco",2
"countertop",2
"countryside",2
"cover",2
"covered",2
"crackle",2
"crate",2
"craziness",2
"crisp",2
"crossing",2
"crossings",2
"crowd",2
"cuddly",2
"cultures",2
"curated",2
"curfew",2
"current",2
"curved",2
"customer",2
"cutting",2
"cycle",2
"da",2
"daynight",2
"daytime",2
"deals",2
"december",2
"decide",2
"delancey",2
"delays",2
"delight",2
"deliver",2
"delivered",2
"delivery",2
"demand",2
"dense",2
"departamento",2
"department",2
"describe",2
"deskchair",2
"desktop",2
"detailing",2
"detergent",2
"didnt",2
"difficult",2
"difficulty",2
"directv",2
"disabled",2
"disappointed",2
"discounted",2
"discuss",2
"dishesappliances",2
"display",2
"displayed",2
"distinct",2
"dm",2
"doormen",2
"doubt",2
"downtime",2
"drinking",2
"driveway",2
"driving",2
"drmn",2
"drug",2
"dudleys",2
"dvds",2
"ear",2
"earplugs",2
"easiest",2
"eataly",2
"echo",2
"efficiency",2
"electronic",2
"electronics",2
"elegance",2
"elite",2
"emporium",2
"encourage",2
"engaged",2
"ensuring",2
"enters",2
"epicenter",2
"espanol",2
"esquina",2
"essex",2
"established",2
"establishments",2
"europeans",2
"eve",2
"exact",2
"exceptionally",2
"excluding",2
"exit",2
"expansive",2
"expectations",2
"explain",2
"extraordinary",2
"exudes",2
"eye",2
"fabulously",2
"fair",2
"fairway",2
"fanciest",2
"fastpaced",2
"favorites",2
"feast",2
"featured",2
"feb",2
"film",2
"filter",2
"final",2
"finance",2
"finding",2
"fist",2
"fith",2
"fivestory",2
"flash",2
"floo",2
"flow",2
"flywheel",2
"fm",2
"fo",2
"folddown",2
"foodie",2
"footage",2
"fox",2
"foyer",2
"framed",2
"frenchy",2
"friendsfamily",2
"fro",2
"frying",2
"fu",2
"fullest",2
"furnish",2
"futons",2
"gantry",2
"garments",2
"gastronomy",2
"gate",2
"gated",2
"gateway",2
"gatsbyinspired",2
"gentle",2
"gitane",2
"glam",2
"goodenergy",2
"goodies",2
"gospel",2
"gotham",2
"gracie",2
"grad",2
"gray",2
"grew",2
"grilling",2
"grills",2
"grocer",2
"grocerytemples",2
"grounds",2
"guess",2
"guy",2
"ha",2
"habitaciones",2
"habla",2
"halsey",2
"happily",2
"hbogo",2
"hearing",2
"hearty",2
"heatac",2
"heidis",2
"helping",2
"herald",2
"hey",2
"hiend",2
"hifi",2
"highlights",2
"highquality",2
"hippest",2
"hobbies",2
"hold",2
"hole",2
"homebase",2
"homy",2
"honking",2
"houdini",2
"household",2
"housekeeper",2
"housemates",2
"housing",2
"hunt",2
"hygiene",2
"immense",2
"immerse",2
"immigrants",2
"importance",2
"impressive",2
"impressively",2
"inches",2
"incl",2
"incur",2
"independiente",2
"indulge",2
"info",2
"infrequent",2
"innovative",2
"inspiring",2
"institute",2
"intentionally",2
"interacting",2
"interfere",2
"interns",2
"intersections",2
"intrepid",2
"invited",2
"involved",2
"inwall",2
"isolated",2
"italiancrafted",2
"itinerary",2
"jackie",2
"jayden",2
"jersey",2
"jest",2
"jewish",2
"jmz",2
"johns",2
"juice",2
"juicer",2
"jump",2
"june",2
"jz",2
"karaoke",2
"kennedy",2
"kingsized",2
"kitchenbath",2
"km",2
"knives",2
"knowing",2
"korean",2
"koreatown",2
"lake",2
"landlord",2
"landscape",2
"lane",2
"lanes",2
"languages",2
"laser",2
"latino",2
"laurent",2
"leafy",2
"lease",2
"leasing",2
"legal",2
"legendary",2
"lehman",2
"leisurely",2
"letto",2
"lex",2
"lg",2
"lifestyle",2
"lightly",2
"likeminded",2
"limits",2
"limpio",2
"links",2
"liquor",2
"litter",2
"liv",2
"liveready",2
"llave",2
"lockable",2
"locking",2
"loftstyle",2
"lol",2
"los",2
"lose",2
"lotion",2
"loudly",2
"lounging",2
"loves",2
"loveseat",2
"lr",2
"luminous",2
"lunch",2
"lunchdinner",2
"luxe",2
"lying",2
"m11",2
"m14",2
"machines",2
"maid",2
"maintain",2
"makers",2
"maltese",2
"manahattan",2
"mandalas",2
"maps",2
"mat",2
"matcha",2
"matter",2
"matters",2
"maxx",2
"mccarren",2
"meander",2
"measures",2
"med",2
"media",2
"medium",2
"melting",2
"memoryfoam",2
"metres",2
"metronorth",2
"microondas",2
"mid20s",2
"midrise",2
"midst",2
"miele",2
"mike",2
"mint",2
"minuets",2
"mirrors",2
"miss",2
"modest",2
"moldings",2
"monitor",2
"montefiore",2
"mood",2
"ms",2
"mucho",2
"mulberry",2
"multicuisine",2
"multitude",2
"murphy",2
"musician",2
"myriad",2
"myrtle",2
"narrow",2
"nation",2
"navigating",2
"nbc",2
"ne",2
"netflixhulu",2
"newyork",2
"newyorker",2
"nicer",2
"nicest",2
"ninja",2
"nobu",2
"noguchi",2
"noises",2
"noon",2
"noted",2
"noveau",2
"nowadays",2
"nq",2
"occasional",2
"ocean",2
"offs",2
"oils",2
"olympicsize",2
"operates",2
"oriental",2
"outlets",2
"ovenstove",2
"overdue",2
"overhead",2
"overlap",2
"owners",2
"page",2
"painter",2
"paintings",2
"palette",2
"paradise",2
"parents",2
"partner",2
"passing",2
"pastry",2
"patisseries",2
"pedestal",2
"pelham",2
"period",2
"perk",2
"permanent",2
"permission",2
"permitting",2
"perry",2
"personalized",2
"personas",2
"photo",2
"photograph",2
"photographs",2
"pier",2
"pio",2
"pizzeria",2
"plains",2
"planetarium",2
"plans",2
"plate",2
"played",2
"playground",2
"plethora",2
"plugs",2
"poised",2
"police",2
"popeyes",2
"porcelain",2
"portable",2
"ports",2
"post",2
"practice",2
"preferably",2
"presbyterian",2
"presidential",2
"pride",2
"pristine",2
"process",2
"properties",2
"pros",2
"protect",2
"pueden",2
"pulsing",2
"q100",2
"q19",2
"q33",2
"q5",2
"q69",2
"q85",2
"qline",2
"quietness",2
"rail",2
"railway",2
"rainfall",2
"raised",2
"ramen",2
"rapidly",2
"rarity",2
"rating",2
"reasonable",2
"recent",2
"recharge",2
"recommended",2
"record",2
"recreation",2
"recycle",2
"references",2
"reflects",2
"refreshments",2
"refridgerator",2
"refuge",2
"refundable",2
"region",2
"regret",2
"regularly",2
"related",2
"repainted",2
"reputation",2
"requests",2
"reserve",2
"respectable",2
"responsive",2
"restaurantsbars",2
"restricted",2
"result",2
"returning",2
"rick",2
"rides",2
"robinson",2
"rollaway",2
"roller",2
"roomies",2
"roosevelt",2
"route",2
"rue",2
"rule",2
"rush",2
"russian",2
"rustic",2
"safely",2
"saint",2
"saks",2
"salon",2
"salons",2
"savoy",2
"scandinavian",2
"schomberg",2
"schomburg",2
"screening",2
"scrumptious",2
"seamless",2
"search",2
"seguro",2
"selected",2
"selection",2
"sept",2
"serenity",2
"series",2
"serviced",2
"setting",2
"setup",2
"seward",2
"sf",2
"shabby",2
"shanghai",2
"shape",2
"shed",2
"sheer",2
"shes",2
"shiny",2
"sho",2
"showerbath",2
"showings",2
"shown",2
"shutters",2
"sideboard",2
"sidewalk",2
"sightsee",2
"simplify",2
"sin",2
"sizes",2
"skateboarders",2
"skating",2
"skylights",2
"sliding",2
"smartly",2
"snack",2
"soaking",2
"sociable",2
"socializing",2
"society",2
"sofas",2
"sohos",2
"solid",2
"sooo",2
"soothing",2
"sophistication",2
"soughtafter",2
"southern",2
"southfacing",2
"spaceous",2
"span",2
"spared",2
"spice",2
"spiritual",2
"sporting",2
"sports",2
"spotify",2
"squareempire",2
"squeeze",2
"staircase",2
"standing",2
"stars",2
"steakhouse",2
"stored",2
"storied",2
"str",2
"straightener",2
"strategic",2
"strawberry",2
"stretches",2
"striding",2
"structure",2
"studiosized",2
"stylishly",2
"subletting",2
"subscription",2
"sufficient",2
"suited",2
"sunrise",2
"sunsets",2
"superintendent",2
"supper",2
"surprised",2
"survailance",2
"suv",2
"suvs",2
"sweeping",2
"sylvias",2
"tableware",2
"taylor",2
"tear",2
"teas",2
"temporary",2
"tenement",2
"terrific",2
"theological",2
"thompson",2
"thoughtful",2
"thriving",2
"tickets",2
"tiles",2
"tin",2
"tip",2
"todas",2
"tones",2
"toothpaste",2
"topfloor",2
"topoftheline",2
"tot",2
"towering",2
"tr",2
"tracking",2
"trails",2
"traintaxi",2
"transfers",2
"traveled",2
"traveller",2
"treasures",2
"treatment",2
"trips",2
"trucks",2
"trust",2
"tucked",2
"tunes",2
"tus",2
"twinsized",2
"txt",2
"ubers",2
"ubertaxi",2
"ukulele",2
"ultracomfortable",2
"understand",2
"understanding",2
"unequaled",2
"universe",2
"unlike",2
"unobstructed",2
"unoccupied",2
"unusual",2
"upandcoming",2
"upgraded",2
"upload",2
"urge",2
"url",2
"usb",2
"uso",2
"usopen",2
"usual",2
"vacate",2
"vendor",2
"vendors",2
"ventilation",2
"venue",2
"verified",2
"vi",2
"vicinity",2
"vill",2
"virtually",2
"walkaround",2
"walkway",2
"wardrobes",2
"waste",2
"waters",2
"waterview",2
"wcable",2
"wealthy",2
"weekly",2
"wellfurnished",2
"westside",2
"whip",2
"whiteboard",2
"widerange",2
"wishing",2
"wo",2
"woman",2
"wonderfully",2
"woodlawn",2
"woodwork",2
"worn",2
"wrap",2
"wtc",2
"yay",2
"yrs",2
"yum",2
"yummy",2
"zeroedge",2
"zinus",2
"zonas",2
"1000sq",1
"100mb",1
"101",1
"1011002100",1
"1012",1
"101st",1
"1020min",1
"1030",1
"10foot",1
"10mns",1
"10pm",1
"10x13",1
"110thcathedral",1
"111018",1
"111th",1
"112",1
"1130",1
"11375",1
"1150",1
"116",1
"116st",1
"116th",1
"117",1
"117th",1
"11am2pm",1
"120",1
"120yearold",1
"121",1
"122",1
"12345rwjz",1
"123bc",1
"128th",1
"12bathroom",1
"12foot",1
"12minute",1
"12pane",1
"130",1
"135th",1
"137",1
"137191",1
"138",1
"139th",1
"13min",1
"13x14",1
"145",1
"149",1
"14foot",1
"152203",1
"1525mins",1
"1530",1
"15ft",1
"15minutes",1
"161st",1
"164165th",1
"165",1
"1650",1
"168th",1
"169",1
"16ft",1
"16th",1
"179",1
"17th",1
"17thfloor",1
"181",1
"1870s",1
"1881",1
"1895",1
"1898",1
"191",1
"1926",1
"1930s",1
"1937",1
"1950s",1
"1956",1
"1960s",1
"19thcentury",1
"1b1b",1
"1ba",1
"1bath",1
"1bd1",1
"1bdr1bath",1
"1bdrm",1
"1bedroomliving",1
"1bedroomthat",1
"1br1ba",1
"1br1bath",1
"1br1bth",1
"1closet",1
"1mi",1
"1minute",1
"1month",1
"2001",1
"2002",1
"2008",1
"200mbs",1
"200sqfoot",1
"2013",1
"2025",1
"2025mins",1
"20min",1
"20mintues",1
"20minute",1
"20minutes",1
"20something",1
"210",1
"2100pm",1
"210min",1
"22819",1
"22ft",1
"22nd",1
"2300",1
"231st",1
"2345",1
"23l",1
"23rd",1
"2424",1
"24fl",1
"24hdoorman",1
"24hrs",1
"24th",1
"24thbusiness",1
"2526",1
"2530",1
"2535",1
"25mins",1
"25night",1
"2700",1
"2730",1
"28",1
"2bathroom",1
"2bd",1
"2bd2bth",1
"2bdrm",1
"2br1bath",1
"2door",1
"2family",1
"2km",1
"2mins",1
"2p10p",1
"2seat",1
"2subway",1
"2x",1
"308",1
"30min",1
"30mincentral",1
"30month",1
"30s",1
"32nd",1
"33rd",1
"350",1
"35ave",1
"35th",1
"39",1
"3924",1
"3bed",1
"3d",1
"3dhd",1
"3family",1
"3m",1
"3minute",1
"3rdfloor",1
"3re",1
"3seat",1
"3url",1
"4000",1
"4042",1
"4141",1
"420",1
"42tv",1
"43",1
"43rd",1
"44",1
"44story",1
"44th",1
"450",1
"456jznqr",1
"456lnqr",1
"45min",1
"47",1
"48bottle",1
"48inch",1
"48th",1
"4bedroom",1
"4bedroom2bathroom",1
"4br",1
"4miles",1
"4mins",1
"4rd",1
"4seat",1
"4story",1
"500sq",1
"5107th8th",1
"510min",1
"515",1
"52",1
"52nd",1
"52street",1
"52x72",1
"5475",1
"55inch",1
"55th",1
"56",1
"58",1
"5bedroom",1
"5bth",1
"5floor",1
"5g",1
"5mns",1
"5pm",1
"5star",1
"606",1
"6080",1
"60sq",1
"60x80",1
"610",1
"61st",1
"63",1
"630pm",1
"65",1
"650",1
"67",1
"68",1
"680",1
"69",1
"6mo",1
"6people",1
"6sprin",1
"700sf",1
"724",1
"73040",1
"74th",1
"750",1
"750squarefoot",1
"77",1
"7786th",1
"78",1
"78th",1
"7am",1
"7am9am",1
"7day",1
"7ft",1
"7g",1
"7min",1
"7mins",1
"7minutes",1
"7pm",1
"7subway",1
"7train",1
"800sf",1
"83rd",1
"84th",1
"85",1
"85th",1
"865sq",1
"8a11a",1
"8am",1
"8am10am",1
"8ft",1
"8pm",1
"90",1
"900",1
"900900",1
"90st",1
"93",1
"950",1
"99",1
"995mo",1
"ab",1
"abajo",1
"abc",1
"abilities",1
"abo",1
"abode",1
"abraco",1
"absence",1
"abstract",1
"abut",1
"acacia",1
"academic",1
"academy",1
"acc",1
"acceptable",1
"accessib",1
"accessing",1
"accessorized",1
"acclaimed",1
"accomodate",1
"accounts",1
"accurate",1
"ace1",1
"ace456",1
"acebdfm",1
"acheater",1
"acogedor",1
"acogedora",1
"acro",1
"activ",1
"active",1
"actress",1
"actresses",1
"acts",1
"adapting",1
"adaptor",1
"adding",1
"additionnal",1
"addresses",1
"adequate",1
"adjoining",1
"adopting",1
"adultas",1
"adultssupercomfortable",1
"advant",1
"adventurous",1
"advertising",1
"advicesuggestions",1
"advise",1
"ae",1
"aero",1
"aerobed",1
"aesop",1
"aesthetically",1
"affection",1
"affluence",1
"africa",1
"afternoon",1
"afternoons",1
"afterwork",1
"afuera",1
"agata",1
"ago",1
"agreement",1
"aim",1
"airbed",1
"airbeds",1
"aire",1
"airtain",1
"airtran",1
"aka",1
"albanian",1
"albert",1
"albums",1
"aldi",1
"alessi",1
"alexa",1
"alexander",1
"algo",1
"alice",1
"alices",1
"aliveness",1
"alle",1
"allen",1
"aller",1
"allergy",1
"alll",1
"allowance",1
"allure",1
"aloft",1
"alongside",1
"aloysius",1
"alternatively",1
"amantes",1
"amateur",1
"ambassades",1
"amen",1
"amenitiesi",1
"amenitized",1
"amenity",1
"americas",1
"amnh",1
"amounts",1
"amtrack",1
"amusement",1
"amy",1
"anchored",1
"ancient",1
"anda",1
"anddeliever",1
"andelevator",1
"ane",1
"anfitriona",1
"angelika",1
"anomalies",1
"answers",1
"antena",1
"antiairbnb",1
"antica",1
"antiquesize",1
"anyday",1
"anyones",1
"aoyu",1
"apartament",1
"apartm",1
"apartmentexcept",1
"apartmet",1
"apatment",1
"apoll",1
"apologize",1
"appartamento",1
"appeared",1
"appletv",1
"applianceslaundry",1
"application",1
"approximate",1
"aprt",1
"arabic",1
"arange",1
"arc",1
"architectdesigner",1
"architecturallydesigned",1
"archive",1
"areadowntown",1
"ariel",1
"arise",1
"armoir",1
"arms",1
"armstrong",1
"aro",1
"aroundthe",1
"arraign",1
"arrives",1
"artful",1
"artfully",1
"artichoke",1
"artistarchitect",1
"artpieces",1
"arts",1
"arttypes",1
"arty",1
"ascensor",1
"aseo",1
"ashley",1
"asia",1
"asleep",1
"aspire",1
"assessed",1
"associate",1
"assorted",1
"assure",1
"astetic",1
"astonishingly",1
"astorias",1
"aswell",1
"athletes",1
"atlantic",1
"atm",1
"atms",1
"atrium",1
"attempt",1
"attempting",1
"attended",1
"attra",1
"attract",1
"attracted",1
"attractive",1
"attributes",1
"audio",1
"authorities",1
"auto",1
"autobs",1
"automatic",1
"automatically",1
"autonomy",1
"autres",1
"av53",1
"avai",1
"avaible",1
"availab",1
"availabl",1
"avalon",1
"avbl",1
"ave9th",1
"avec",1
"aveda",1
"avery",1
"await",1
"awaiting",1
"award",1
"aways",1
"awe",1
"awesomely",1
"axis",1
"ayer",1
"ayudarlos",1
"b38",1
"b57",1
"b9",1
"ba",1
"babies",1
"babieskids",1
"bac",1
"bacaro",1
"backdoor",1
"backdrop",1
"backfacing",1
"backpackers",1
"backsplash",1
"backyardpatio",1
"badge",1
"balanced",1
"balc",1
"balconies",1
"balconycommunal",1
"balconyroof",1
"ball",1
"balloons",1
"ballroom",1
"barawine",1
"barbecues",1
"barbeques",1
"barbershops",1
"barbque",1
"barclays",1
"bark",1
"barnabas",1
"barrys",1
"bartender",1
"basin",1
"basis",1
"basked",1
"bassanova",1
"bathing",1
"bathmats",1
"bathr",1
"bathroo",1
"bathroomfull",1
"bathroomliving",1
"bathrrom",1
"bathshower",1
"bats",1
"baymurrayhill",1
"bdfmjz",1
"bdmf",1
"bdrms",1
"beachfront",1
"beachinspired",1
"beachs",1
"beam",1
"beatniks",1
"beats",1
"beautifull",1
"beautifulspaciousdaily",1
"beautyrest",1
"beauxarts",1
"bedlinen",1
"bedliving",1
"bedr",1
"bedro",1
"bedroom2",1
"bedroomone",1
"beds1",1
"bedsheet",1
"bedstuy",1
"beems",1
"beers",1
"bees",1
"befits",1
"beforeafter",1
"begin",1
"beige",1
"belgian",1
"belief",1
"belligerent",1
"bellow",1
"belo",1
"belonging",1
"beloved",1
"benches",1
"bend",1
"benefits",1
"bertazzoni",1
"bestlocation",1
"bestsuited",1
"beverages",1
"bidet",1
"bigcity",1
"bigly",1
"bikable",1
"bikepathwalkway",1
"bikesharing",1
"bikewalking",1
"bilingual",1
"bill",1
"billard",1
"billiards",1
"billionaires",1
"bimonthly",1
"bin",1
"binge",1
"bins",1
"birch",1
"bird",1
"birds",1
"birdsong",1
"birthplace",1
"bites",1
"blacks",1
"bldgs",1
"bldgsound",1
"bleached",1
"bleeker",1
"blessed",1
"blg",1
"blind",1
"blink",1
"blo",1
"blocks5min",1
"blonde",1
"blossoming",1
"blowdryer",1
"blower",1
"blueline",1
"bluetoothenabled",1
"bluray",1
"blvds",1
"bmt",1
"bo",1
"boarder",1
"boarding",1
"boardwalk",1
"boast",1
"boasting",1
"bodega",1
"boil",1
"bold",1
"bone",1
"bookcases",1
"bookstore",1
"bootcamp",1
"bootsshoes",1
"boqueria",1
"borderline",1
"borough",1
"borrow",1
"bosch",1
"bothered",1
"bothering",1
"bottle",1
"boulet",1
"bouncing",1
"bound",1
"bounded",1
"boyfriends",1
"br1",1
"bradshaws",1
"brandys",1
"brass",1
"brazilian",1
"braziliancherry",1
"brdg",1
"breakfastsnack",1
"breakfest",1
"breathing",1
"brewing",1
"briardwood",1
"brickwall",1
"bridle",1
"brig",1
"brightly",1
"brightness",1
"brighton",1
"brimming",1
"bringing",1
"brita",1
"british",1
"brkfst",1
"broa",1
"broil",1
"broken",1
"bronxbound",1
"bronxlebanon",1
"brookfield",1
"brooklinen",1
"brought",1
"browse",1
"brs",1
"bryan",1
"bsicos",1
"bt",1
"bth",1
"bthrm",1
"bths",1
"bthtb",1
"bubble",1
"budapest",1
"buddha",1
"buddhas",1
"buddhism",1
"budgets",1
"buena",1
"buidling",1
"buildingonly",1
"buildingthis",1
"buildingunion",1
"buildingwashington",1
"bulky",1
"bunch",1
"bunny",1
"busfree",1
"bushwickridgewood",1
"bussle",1
"butterfly",1
"buzz",1
"buzzing",1
"buzzy",1
"bx",1
"bx10",1
"bx12",1
"bx12bsb",1
"bx19",1
"bx20",1
"bx3",1
"bxm1",1
"bxm18",1
"bxm2",1
"bxm3",1
"cabarets",1
"cableinternet",1
"cablenetflix",1
"cables",1
"cadence",1
"caesar",1
"caesars",1
"cafesstarbucks",1
"cafetera",1
"calling",1
"calltextairbnb",1
"calmer",1
"calming",1
"calmness",1
"canaletto",1
"cancelled",1
"candy",1
"captures",1
"caramel",1
"carbus",1
"cards",1
"carefree",1
"carefully",1
"cares",1
"caring",1
"carmines",1
"carpeting",1
"carrara",1
"carrie",1
"carry",1
"carryon",1
"cartaxi",1
"carte",1
"caruber",1
"carved",1
"carvings",1
"cas",1
"categories",1
"cater",1
"cathedrals",1
"caves",1
"cbs",1
"cecil",1
"cedar",1
"cedric",1
"celebrates",1
"celebrities",1
"celebs",1
"celing",1
"celings",1
"cellphon",1
"cellphone",1
"cemetery",1
"cent",1
"centerand",1
"centercolumbia",1
"centermallyankee",1
"central42",1
"centralized",1
"centralpark",1
"centre",1
"centro",1
"ceramic",1
"cerradura",1
"ch",1
"chairdesk",1
"chairottoman",1
"chaiwali",1
"chalkboard",1
"challenge",1
"chambers",1
"chambre",1
"chandelier",1
"changed",1
"channe",1
"channel",1
"chantelle",1
"chaos",1
"characteristic",1
"characterized",1
"chardy",1
"charged",1
"charging",1
"charles",1
"charmer",1
"chatham",1
"chattering",1
"chatting",1
"cheapest",1
"checked",1
"checkincheckouts",1
"checkinscheckouts",1
"checkouts",1
"cheers",1
"cheery",1
"chen",1
"chez",1
"chicken",1
"childfriendly",1
"childs",1
"chilling",1
"chinatownles",1
"chipotle",1
"chipped",1
"chirping",1
"chock",1
"chocolat",1
"choo",1
"chopping",1
"chows",1
"christian",1
"chryslerview",1
"chrystie",1
"cigarettes",1
"cigars",1
"cinemax",1
"ciprian",1
"circulation",1
"citibank",1
"citiz",1
"citronela",1
"citya",1
"cityastoria",1
"citybike",1
"cityits",1
"civic",1
"clad",1
"clandestino",1
"clanging",1
"clarify",1
"classes",1
"classy",1
"cleani",1
"clo",1
"clock",1
"cloistersfort",1
"cloistersmets",1
"closable",1
"closed",1
"closes",1
"closethanging",1
"closetiron",1
"closetstorage",1
"closing",1
"cloths",1
"clustered",1
"clutter",1
"cmaras",1
"cmo",1
"coatbroom",1
"cobblestones",1
"cocktails",1
"coded",1
"coffe",1
"coffeedrinks",1
"coffeetea",1
"coffeewine",1
"cohosts",1
"col",1
"collegeyoung",1
"collocs",1
"colombe",1
"colonel",1
"colored",1
"colorfulart",1
"columb",1
"columbias",1
"columns",1
"comcjuelu1",1
"comedor",1
"comercial",1
"comercios",1
"comfertable",1
"comforta",1
"commit",1
"commodities",1
"communicating",1
"communicative",1
"commuter",1
"como",1
"comodo",1
"compartidas",1
"compartido",1
"complementory",1
"completion",1
"completo",1
"compliance",1
"complimented",1
"comply",1
"components",1
"composed",1
"comprised",1
"comprises",1
"comrooms128975",1
"comrooms152259",1
"comrooms24477757",1
"comrooms54544",1
"comrooms56859",1
"comrooms60666",1
"comusersshow9293730reviews",1
"comverify",1
"conciege",1
"concourse",1
"condoloft",1
"conduct",1
"conducting",1
"confirm",1
"confirmed",1
"confortables",1
"confusion",1
"connivence",1
"cons",1
"conscientious",1
"conservatory",1
"conserve",1
"consideration",1
"consisting",1
"constan",1
"contacted",1
"contempornea",1
"content",1
"contingent",1
"continuously",1
"contrasted",1
"contribute",1
"conv",1
"conve",1
"convenient2",1
"convenientcleancomfortable",1
"conveniente",1
"convention",1
"converges",1
"convience",1
"conviences",1
"convince",1
"cookers",1
"cookin",1
"cooling",1
"cools",1
"copilot",1
"copious",1
"cork",1
"corkboard",1
"corners",1
"coronaqueens",1
"coronoas",1
"corporate",1
"corte",1
"costcogrocery",1
"costs",1
"cot",1
"cottonsatin",1
"couchfold",1
"counted",1
"counterculture",1
"counts",1
"courteous",1
"courtesy",1
"courts",1
"coutertops",1
"coverings",1
"cowhide",1
"coworking",1
"coziest",1
"cozynightin",1
"crafting",1
"craftsmanship",1
"cram",1
"cramped",1
"cravings",1
"cream",1
"creamer",1
"creates",1
"creatives",1
"creature",1
"crescent",1
"crew",1
"crock",1
"crockery",1
"cronut",1
"crystler",1
"cualquier",1
"cuban",1
"cuenta",1
"cuisinart",1
"culdesac",1
"culinary",1
"cultas",1
"culturedfilled",1
"cumin",1
"cuny",1
"cupboards",1
"cur",1
"curious",1
"curl",1
"curling",1
"currencyusd",1
"customers",1
"custommade",1
"cut",1
"cuteness",1
"cutest",1
"cuttingedge",1
"damages",1
"dancer",1
"dancers",1
"dancing",1
"danish",1
"dans",1
"darn",1
"dashas",1
"dated",1
"daughters",1
"david",1
"davin",1
"daylaundry",1
"daylight",1
"dealing",1
"dear",1
"decade",1
"decades",1
"decided",1
"deciding",1
"declawed",1
"decoera",1
"decompress",1
"decoracin",1
"decorating",1
"decorations",1
"deducted",1
"deena",1
"deeply",1
"definition",1
"dejar",1
"deliall",1
"delicate",1
"delicates",1
"deliveries",1
"delmonicos",1
"dely",1
"dems",1
"den",1
"density",1
"departing",1
"departments",1
"depends",1
"derecho",1
"des",1
"descend",1
"descriptions",1
"descuidar",1
"desde",1
"designeddecorated",1
"designerdecorated",1
"designs",1
"deskspace",1
"deskwork",1
"dessert",1
"develop",1
"developed",1
"developing",1
"device",1
"devil",1
"dia",1
"dig",1
"digs",1
"dimes",1
"diminish",1
"dimming",1
"diners",1
"diningroom",1
"diningwork",1
"dinnerworking",1
"directtv",1
"dirty",1
"disabilities",1
"disappoint",1
"disappointing",1
"disclosure",1
"discreet",1
"discriminate",1
"disctrict",1
"discussed",1
"dishe",1
"dishescups",1
"dishesutensilscookware",1
"dishware",1
"dishwashers",1
"disinfected",1
"dispondrs",1
"disponibile",1
"disponible",1
"distanc",1
"distance5min",1
"distancefood",1
"distances",1
"distict",1
"distinguishable",1
"distributed",1
"districtbroadway",1
"dive",1
"diversified",1
"dividers",1
"divides",1
"divin",1
"dizzying",1
"dkny",1
"dla",1
"dobre",1
"doctors",1
"domestic",1
"dominos",1
"donde",1
"dons",1
"donut",1
"doormanattended",1
"doormanconcierge",1
"doormanelevator",1
"doorsteps",1
"doortodoor",1
"dormitorio",1
"dot",1
"dotted",1
"douglas",1
"downtowners",1
"doze",1
"dozen",1
"dr",1
"drafting",1
"dragging",1
"dragon",1
"draws",1
"dreams",1
"drench",1
"dressermirror",1
"dressers",1
"drift",1
"drinkers",1
"drivaway",1
"drive25",1
"drives",1
"dropped",1
"drops",1
"droves",1
"drugs",1
"drugstore",1
"dtrain",1
"du",1
"dubbed",1
"dumbo",1
"dumpling",1
"dumplings",1
"dur",1
"duration",1
"dusky",1
"dutchstyle",1
"dvdbluray",1
"dvr",1
"dwelling",1
"dylans",1
"earlier",1
"earliest",1
"earthtone",1
"eastside",1
"ecofriendly",1
"econmico",1
"eddie",1
"edgy",1
"edificio",1
"educadas",1
"educational",1
"eero",1
"efficiently",1
"effortless",1
"egg",1
"eggsfruit",1
"ehe",1
"einstein",1
"elaborated",1
"ele",1
"electricpowered",1
"electronically",1
"elementary",1
"elements",1
"elevator4th",1
"elevatorfifth",1
"elevatorlaundry",1
"eleven",1
"eleventh",1
"elisabetta",1
"elizabeth",1
"elses",1
"em",1
"emailphone",1
"emailtextphone",1
"embassies",1
"embrace",1
"embraces",1
"emergencys",1
"emerging",1
"eminently",1
"emptied",1
"emr",1
"enclave",1
"enclosure",1
"encompasses",1
"encompassing",1
"encore",1
"encuentra",1
"endtables",1
"energizing",1
"enforces",1
"engage",1
"england",1
"enhanced",1
"enjoyment",1
"enquire",1
"enrique",1
"ensuri",1
"ent",1
"entertainments",1
"enthusiasts",1
"enti",1
"entirety",1
"entity",1
"entrabce",1
"entrar",1
"entrepreneurs",1
"environme",1
"environments",1
"epitome",1
"equally",1
"equidistant",1
"equipments",1
"equippedsupermarket",1
"equivalent",1
"ergonomic",1
"escalera",1
"espaol",1
"espn",1
"essence",1
"essentially",1
"essentialseverything",1
"essexdelancey",1
"estate",1
"estimated",1
"estimates",1
"estoy",1
"estrenar",1
"europeanstyle",1
"evacuacin",1
"eventing",1
"eventspartiesgatherings",1
"eventually",1
"everythig",1
"everythingfeel",1
"evi",1
"examples",1
"exc",1
"exchanges",1
"exclusively",1
"executive",1
"exhausting",1
"exhibitions",1
"exist",1
"exists",1
"expanded",1
"expands",1
"exper",1
"expert",1
"exploration",1
"explorations",1
"exploreenjoy",1
"explorers",1
"exposures",1
"express4",1
"extends",1
"extensible",1
"extensively",1
"extra25",1
"extraordinarily",1
"extreme",1
"extremeluxury",1
"fabled",1
"fabrics",1
"factor",1
"factory",1
"failure",1
"fala",1
"falls",1
"familiar",1
"familyfriendly",1
"famously",1
"farmer",1
"farmhouse",1
"farthest",1
"fastfood",1
"fat",1
"father",1
"fathers",1
"faucets",1
"faux",1
"fdr",1
"fed",1
"federal",1
"federation",1
"feelvery",1
"fences",1
"fermate",1
"ferries",1
"fianc",1
"fiat",1
"fibre",1
"fiction",1
"fieldsus",1
"fild",1
"fills",1
"filme",1
"filmmaker",1
"films",1
"filmstv",1
"filtered",1
"findenjoy",1
"fingers",1
"finish",1
"finishings",1
"firstfloor",1
"firstrate",1
"firsts",1
"fisher",1
"fitting",1
"fivestar",1
"fiveten",1
"flag",1
"flatiorn",1
"flatmate",1
"flattens",1
"flatware",1
"flavor",1
"flea",1
"flexibal",1
"flexibility",1
"fll",1
"flood",1
"flooding",1
"floods",1
"floorapartment",1
"floords",1
"floored",1
"floorno",1
"floorthru",1
"floorwalk",1
"flower",1
"flowered",1
"flowery",1
"flows",1
"fluent",1
"fluid",1
"flying",1
"foaminnerspring",1
"fob",1
"focal",1
"focus",1
"foldaway",1
"foodall",1
"foodtown",1
"forecast",1
"foreigners",1
"forever",1
"forfeit",1
"forgot",1
"forgotten",1
"forrest",1
"fortune",1
"foster",1
"fotos",1
"fought",1
"foundation",1
"founder",1
"fourthfloor",1
"fredrick",1
"freestanding",1
"freight",1
"frenetic",1
"frequently",1
"frette",1
"frictionless",1
"friday",1
"fridg",1
"fried",1
"friedl",1
"frills",1
"frontde",1
"frontier",1
"fruit",1
"fruitvegetable",1
"ft81sq",1
"ful",1
"fulfill",1
"fullexclusive",1
"fullqueen",1
"fullservice",1
"fullyequiped",1
"fullyfunctional",1
"fullyfurnished",1
"fullyrenovated",1
"fullystocked",1
"fumes",1
"funished",1
"funny",1
"furn",1
"furnishing",1
"furnituregreat",1
"furry",1
"fuss",1
"future",1
"futuristic",1
"fvbdm",1
"g00gle",1
"gabetas",1
"gadson",1
"gal",1
"gallerys",1
"gallgeries",1
"gallivanting",1
"gamut",1
"gardened",1
"gardenpatio",1
"gardenyard",1
"gasburning",1
"gathering",1
"gay",1
"gayfriendly",1
"gazing",1
"gelato",1
"gelsogrand",1
"gemelas",1
"generously",1
"gentlemen",1
"gentrification",1
"gentrified",1
"genuine",1
"german",1
"ghetto",1
"gifted",1
"gilded",1
"ginger",1
"girl",1
"girlfriend",1
"girlfriends",1
"girlguy",1
"giv",1
"glacial",1
"glamorous",1
"glassedin",1
"glassware",1
"gleaming",1
"glee",1
"glendale",1
"glistening",1
"global",1
"glorious",1
"gloves",1
"gold",1
"golfing",1
"goosedownfilled",1
"goregoues",1
"gospels",1
"gossip",1
"grabs",1
"grace",1
"graco",1
"grade",1
"grammercy",1
"grandchildren",1
"granted",1
"graveyard",1
"grean",1
"greats",1
"greenmarket",1
"greenpoint",1
"greens",1
"greenway",1
"greeted",1
"griffon",1
"grilllounge",1
"grinder",1
"groceriesrestaurantsshops",1
"grocers",1
"grocerydeli",1
"grounded",1
"growing",1
"growling",1
"grub",1
"grumpy",1
"guaranteed",1
"guard",1
"gue",1
"guestroom",1
"guggenhime",1
"guides",1
"guiding",1
"gun",1
"gusto",1
"gw",1
"gymnasium",1
"habana",1
"habitacin",1
"hacer",1
"hacia",1
"haha",1
"hailed",1
"hairdryeretc",1
"haired",1
"hairs",1
"halfbathroom",1
"hamiltons",1
"hammock",1
"hammocks",1
"handle",1
"handmade",1
"handsoff",1
"handson",1
"handstands",1
"hangup",1
"happen",1
"happened",1
"happiest",1
"hardware",1
"hardwd",1
"harlem125th",1
"harlemcentral",1
"harmonious",1
"harmony",1
"harrison",1
"harsh",1
"hasslefree",1
"hat",1
"havent",1
"hawaii",1
"hay",1
"hayden",1
"hdmi",1
"hdt",1
"hdtvwifi",1
"heading",1
"healthy",1
"heard",1
"heartwarming",1
"heaterfan",1
"heatingairconditioning",1
"height",1
"heightsaudubon",1
"held",1
"hell",1
"helper",1
"helps",1
"hester",1
"hh",1
"hid",1
"hidd",1
"hideaway",1
"hidef",1
"hifloor",1
"highceiling",1
"highfloor",1
"highlight",1
"hight",1
"hiking",1
"hinduism",1
"hippies",1
"hipsters",1
"hirschfield",1
"hispanic",1
"hispe",1
"historically",1
"hk",1
"hm",1
"hoarders",1
"holidayvacation",1
"homelike",1
"homeowner",1
"homepod",1
"homestay",1
"homework",1
"homie",1
"honest",1
"hood",1
"hook",1
"hora",1
"horas",1
"hosp",1
"hospitable",1
"hospitalarias",1
"hospitality",1
"hostellike",1
"hostess",1
"hosty",1
"hotcold",1
"hotellike",1
"hotspot",1
"hoy",1
"hskp",1
"hudsonnew",1
"hue",1
"hugged",1
"hukka",1
"huluplus",1
"humans",1
"humble",1
"hungarian",1
"hungry",1
"hunter",1
"hunts",1
"hussle",1
"hustlebustle",1
"hybrid",1
"hygienic",1
"hype",1
"hypo",1
"hypoallergenic",1
"i87",1
"i95",1
"ic",1
"icon",1
"ideas",1
"identify",1
"identity",1
"idnticas",1
"idyllic",1
"illumination",1
"illustrious",1
"iluminacion",1
"images",1
"imaginable",1
"imagination",1
"immaculately",1
"imperative",1
"imperial",1
"imply",1
"impossible",1
"impotant",1
"inbetween",1
"incense",1
"inception",1
"inclu",1
"inclus",1
"incoming",1
"inconsistencies",1
"inconvenience",1
"inconveniences",1
"independence",1
"index",1
"india",1
"individually",1
"individuals",1
"indoors",1
"inf",1
"infants",1
"infinite",1
"inflate",1
"inflated",1
"inflating",1
"influential",1
"influx",1
"inform",1
"informationlines",1
"informed",1
"infusion",1
"inhome",1
"inimitable",1
"initial",1
"injuries",1
"inlaw",1
"inn",1
"inperson",1
"inquietudes",1
"inquiring",1
"insane",1
"insides",1
"inspection",1
"inst",1
"instagramable",1
"instagrammableblogging",1
"instantly",1
"insteuctions",1
"institution",1
"instruction",1
"instruments",1
"insurance",1
"intact",1
"inte",1
"intellectual",1
"intend",1
"intending",1
"intensity",1
"interactions",1
"interactive",1
"interesach",1
"interiors",1
"interiorthis",1
"intern",1
"internat",1
"internationally",1
"internetwifi",1
"interruption",1
"intersection",1
"interstate",1
"interview",1
"intriguing",1
"introduce",1
"inundated",1
"invading",1
"invigorating",1
"invites",1
"inwest",1
"ipad",1
"ipic",1
"irish",1
"irons",1
"islands",1
"ispeak",1
"italia",1
"italychinatown",1
"italysoho",1
"item",1
"itll",1
"ivy",1
"jacks",1
"jacobi",1
"jacobs",1
"jagged",1
"jajaja",1
"james",1
"jan",1
"jan22",1
"jane",1
"japan",1
"javit",1
"jawdropping",1
"jaz",1
"jazzromantic",1
"je",1
"jefferson",1
"jelly",1
"jem",1
"jessica",1
"jewel",1
"jfkdrop",1
"jfklga",1
"jim",1
"jimbos",1
"jimmy",1
"jm",1
"joan",1
"job",1
"jobs",1
"johnson",1
"joseph",1
"juat",1
"judged",1
"julias",1
"juliette",1
"julyaugust",1
"juniper",1
"junkys",1
"juno",1
"jw11355",1
"kai",1
"katonah",1
"katz",1
"katzs",1
"kauffman",1
"kaufman",1
"kaufmann",1
"kew",1
"kfc",1
"khaleesi",1
"ki",1
"kichen",1
"kichenette",1
"kickboxing",1
"kidding",1
"kidfriendly",1
"kiehls",1
"kikis",1
"kinect",1
"kingsbride",1
"kingsbridge",1
"kismat",1
"kitchendining",1
"kitchengas",1
"kitchenicook",1
"kitchenlivingroom",1
"kitcken",1
"kitten",1
"kitties",1
"kitty",1
"kmart",1
"knockingoff",1
"kung",1
"labeled",1
"labels",1
"labor",1
"laboratory",1
"lack",1
"lacks",1
"ladure",1
"lady",1
"lagaurdia",1
"laidback",1
"landings",1
"landry",1
"larg",1
"largel",1
"largerthanaverage",1
"late20s",1
"laud",1
"laughing",1
"launch",1
"laund",1
"laundered",1
"laundr",1
"laundries",1
"laundromats",1
"laundrymat",1
"laundy",1
"laur",1
"laverie",1
"lavish",1
"law",1
"lawrence",1
"laws",1
"lay",1
"layo",1
"layouts",1
"layover",1
"layovers",1
"lazy",1
"le",1
"league",1
"learn",1
"learned",1
"leases",1
"leavingroom",1
"leftovers",1
"leg",1
"legally",1
"legend",1
"leisure",1
"lga10",1
"lgbtq",1
"liaise",1
"liberty",1
"libra",1
"libraryoffice",1
"libre",1
"license",1
"lie495",1
"liens",1
"lifes",1
"lifetime",1
"lift",1
"lifting",1
"lifts",1
"ligh",1
"lighted",1
"lightning",1
"likes",1
"liking",1
"lilly",1
"limitations",1
"limiting",1
"limousine",1
"limpieza",1
"lindy",1
"linear",1
"linenstowels",1
"linesgoes",1
"lineup",1
"linewhitneyunion",1
"lining",1
"linking",1
"lipstick",1
"listening",1
"listingplease",1
"listings",1
"lists",1
"litera",1
"literacamarote",1
"literaly",1
"livingformal",1
"livingroomkitchen",1
"livingtv",1
"llaves",1
"llena",1
"lneas",1
"lnqr456",1
"loaned",1
"locally",1
"localsfocused",1
"locanda",1
"locates",1
"locationclose",1
"locationsoho",1
"locust",1
"lofts",1
"loftstudio",1
"logged",1
"logins",1
"logistical",1
"longesttenured",1
"longisland",1
"longstanding",1
"lorimer",1
"loss",1
"loudspeakers",1
"louis",1
"lovable",1
"lover",1
"lovers",1
"lovey",1
"lowest",1
"lpain",1
"lshape",1
"lshaped",1
"lubby",1
"lucienne",1
"luck",1
"luckily",1
"lucky",1
"luggages",1
"lugguage",1
"lukes",1
"lullaby",1
"lunching",1
"lush",1
"m106",1
"m116",1
"m14d",1
"m15sb",1
"m23",1
"m3",1
"m31",1
"m34",1
"m4",1
"m57",1
"ma",1
"machinery",1
"madness",1
"magazines",1
"magnolias",1
"maintains",1
"majors",1
"malecon",1
"manage",1
"managed",1
"manager",1
"managers",1
"manh",1
"manhatan",1
"manhatt",1
"manhattanbound",1
"manhattanhells",1
"manhattanthe",1
"manhattanville",1
"manhatten",1
"manicure",1
"manor",1
"mantahhatn",1
"mantel",1
"maple",1
"marbled",1
"marbletile",1
"marc",1
"marcel",1
"marcys",1
"margarita",1
"marin",1
"markseast",1
"marriage",1
"marshall",1
"mart",1
"marvelous",1
"masks",1
"maspeth",1
"massage",1
"massively",1
"masterbedroom",1
"masterworks",1
"match",1
"matin",1
"maya",1
"mayor",1
"mbs",1
"mclean",1
"md",1
"mdl",1
"meadow",1
"meatpackingsohohigh",1
"mecca",1
"mediante",1
"medicine",1
"medieval",1
"meditation",1
"mediterranean",1
"megamansions",1
"megamillions",1
"megastars",1
"megatrends",1
"megu",1
"mei",1
"melon",1
"mementos",1
"memorabilia",1
"mensajes",1
"mental",1
"mentioned",1
"meow",1
"mercer",1
"mercy",1
"mesita",1
"mess",1
"messy",1
"meticulous",1
"metrocard",1
"metrocards",1
"metropoli",1
"metropolitain",1
"metropolitana",1
"metrosubway",1
"mezcla",1
"mezza",1
"mezzanine",1
"mia",1
"michelin",1
"micro",1
"microwaive",1
"microwaveand",1
"midmarch",1
"midnight",1
"midtolate",1
"midtownhells",1
"midtowntimes",1
"miejsce",1
"mild",1
"millie",1
"million",1
"miltons",1
"mindful",1
"minibar",1
"miniloft",1
"minimally",1
"minimize",1
"mininevera",1
"minirefrigerator",1
"minirice",1
"mintons",1
"mintues",1
"minu",1
"minutelong",1
"misc",1
"missed",1
"mission",1
"mkt",1
"mn",1
"mnts",1
"mobility",1
"mode",1
"models",1
"modernelegant",1
"moderno",1
"modes",1
"mogador",1
"moja",1
"moje",1
"molded",1
"momento",1
"moments",1
"mondaysaturdays",1
"monitors",1
"monroe",1
"monthlong",1
"montifore",1
"monumental",1
"monuments",1
"moody",1
"mor",1
"morkie",1
"morn",1
"morrocan",1
"mos",1
"mosaic",1
"mostlikely",1
"motel",1
"motorcycle",1
"mount",1
"mounting",1
"mouse",1
"mouthwash",1
"moveable",1
"movement",1
"moviepop",1
"movieschannels",1
"movieset",1
"moviestv",1
"mozzarella",1
"mph",1
"msg",1
"mt",1
"mud",1
"mullaly",1
"multi",1
"multiethnic",1
"multifamily",1
"multifunction",1
"munal",1
"museo",1
"musical",1
"musicalsensation",1
"musket",1
"musuem",1
"mutual",1
"mutually",1
"mwo",1
"n5",1
"nap",1
"napkin",1
"nature",1
"navigation",1
"neatly",1
"neatness",1
"necklace",1
"needle",1
"needrequests",1
"nei",1
"neighborh",1
"neighborhoodclose",1
"neighborhoodmy",1
"neighborhoodthe",1
"neighborhoody",1
"neighbourhoods",1
"neighbours",1
"nel",1
"nella",1
"nelleast",1
"nerd",1
"nesecitan",1
"nest",1
"netflex",1
"netflik",1
"netflixdvd",1
"networks",1
"neutral",1
"nevera",1
"newley",1
"newmodern",1
"newspapers",1
"nfl",1
"nias",1
"nigh",1
"nightafternoons",1
"nightlight",1
"nightstands",1
"nighttime",1
"nina",1
"nj",1
"nocciola",1
"noche",1
"nocturnal",1
"nofrills",1
"nohoeast",1
"nolitan",1
"nolitasoho",1
"noncrazy",1
"nonelevator",1
"nonetheless",1
"nonfunctioning",1
"nonnegotiable",1
"nonsmoker",1
"nonsmokers",1
"nonworking",1
"noodles",1
"norm",1
"normal",1
"noshoes",1
"notethere",1
"noteworthy",1
"notified",1
"november",1
"nqr",1
"nqr6",1
"nqrl456",1
"nqrw",1
"nrby",1
"nrq",1
"nrw",1
"nterior",1
"nuevo",1
"nurses",1
"nutribullet",1
"nw7mins",1
"nwr",1
"nyclong",1
"nycrelated",1
"nyears",1
"nyer",1
"nyker",1
"nypd",1
"nys",1
"nysci",1
"oakwood",1
"obedient",1
"observatory",1
"observe",1
"observed",1
"obstructed",1
"obstructing",1
"occasion",1
"occupant",1
"occupy",1
"occupying",1
"october",1
"od",1
"oferta",1
"offbroadway",1
"officeadditional",1
"offices",1
"olds",1
"oldworld",1
"olso",1
"omelet",1
"oncall",1
"oncludes",1
"oneminute",1
"oneself",1
"ongoing",1
"onwards",1
"oozes",1
"ope",1
"openarthur",1
"openconcept",1
"openminded",1
"opera",1
"operations",1
"opportunities",1
"opulent",1
"orange",1
"oraz",1
"orchard",1
"orden",1
"ordenado",1
"ordinary",1
"originally",1
"osha",1
"outer",1
"outerwear",1
"outfitters",1
"outgoing",1
"outits",1
"outyoull",1
"ouverts",1
"ovenmicrowave",1
"overlapping",1
"overnighting",1
"overpriced",1
"overwhelming",1
"ownas",1
"owned",1
"owns",1
"pa",1
"packages",1
"packandplay",1
"packn",1
"packnplay",1
"pail",1
"paint",1
"palate",1
"palestra",1
"paloma",1
"pamper",1
"pan",1
"pandora",1
"pane",1
"parade",1
"parc",1
"pardon",1
"park4",1
"parkcloisters",1
"parkgarden",1
"parkin",1
"parkland",1
"parkmacys",1
"parkstrawberry",1
"parsons",1
"partitioned",1
"pary",1
"paso",1
"pass",1
"passage",1
"passenger",1
"passion",1
"password",1
"pastries",1
"patios",1
"patsys",1
"pattern",1
"pavilion",1
"pavl",1
"paykel",1
"payment",1
"payperuse",1
"pays",1
"pbs",1
"pe",1
"peacefully",1
"peak",1
"peasant",1
"peddlers",1
"pediatric",1
"peloton",1
"pen",1
"penalty",1
"peninsula",1
"pens",1
"peop",1
"peoplewatchers",1
"percolator",1
"performance",1
"performers",1
"peri",1
"perks",1
"permeates",1
"permitted",1
"pernight",1
"perservering",1
"persian",1
"persona",1
"personable",1
"personality",1
"personalityits",1
"personals",1
"personideally",1
"peruse",1
"perusing",1
"petisco",1
"petitioned",1
"ph",1
"pharmacys",1
"phenomenally",1
"philips",1
"phils",1
"phon",1
"phonetextemail",1
"photographer",1
"phyiscal",1
"physically",1
"physician",1
"pianos",1
"piazza",1
"pickabagel",1
"pickups",1
"picturesque",1
"piece",1
"pied",1
"pin",1
"pine",1
"pipes",1
"piso",1
"pitcher",1
"pizzerias",1
"pla",1
"planes",1
"planned",1
"platner",1
"players",1
"playgrounds",1
"playing",1
"playstation",1
"pleased",1
"pleasure",1
"pleno",1
"plent",1
"plug",1
"po",1
"pobliu",1
"poder",1
"podrujcy",1
"pointer",1
"polish",1
"politics",1
"pollo",1
"polluted",1
"pony",1
"popper",1
"popping",1
"popup",1
"por",1
"porno",1
"portal",1
"porter",1
"porters",1
"portrait",1
"portugus",1
"posh",1
"positioned",1
"positives",1
"possibilities",1
"postcards",1
"posted",1
"posting",1
"potspansutensilscooking",1
"powder",1
"pr",1
"practicality",1
"practically",1
"practicing",1
"prada",1
"prayer",1
"predetermining",1
"predominantly",1
"preguntas",1
"preinstalled",1
"premesis",1
"premise",1
"prep",1
"prepaid",1
"pres",1
"pressingiron",1
"pressured",1
"pretamanger",1
"pretend",1
"prettiest",1
"previous",1
"previously",1
"preww",1
"prici",1
"primely",1
"principal",1
"printed",1
"prioritize",1
"priority",1
"privacidad",1
"privat",1
"privated",1
"privatequiet",1
"prizes",1
"prk",1
"procedure",1
"proceeds",1
"processor",1
"produce",1
"productions",1
"professionalstudents",1
"profileupload",1
"profiling",1
"programs",1
"project",1
"projected",1
"projects",1
"prominent",1
"prominently",1
"promote",1
"promptly",1
"proof",1
"properly",1
"propias",1
"proportions",1
"protesters",1
"prototypes",1
"proud",1
"prwtty",1
"przygody",1
"ps4",1
"puck",1
"puerta",1
"pulse",1
"pump",1
"punch",1
"purchase",1
"purchased",1
"pure",1
"purifier",1
"purple",1
"purpose",1
"purposes",1
"pursue",1
"purveyors",1
"putting",1
"pw",1
"q100q69",1
"q110",1
"q27",1
"q39",1
"q58567",1
"q65",1
"q72",1
"qeen",1
"qm15",1
"qr",1
"quarry",1
"quarter",1
"quartz",1
"quasi",1
"queensboro",1
"queensborou",1
"queit",1
"quentin",1
"queries",1
"questionsconcerns",1
"quests",1
"qui",1
"quicker",1
"quiete",1
"quietly",1
"quietmeditative",1
"quilt",1
"quilts",1
"quit",1
"raceing",1
"radiato",1
"radiators",1
"radish",1
"railroads",1
"rails",1
"rain",1
"rambling",1
"ramp",1
"randalls",1
"random",1
"ranges",1
"ranging",1
"rankin",1
"raos",1
"rattling",1
"rceptionnistes",1
"reache",1
"reactive",1
"readytowatch",1
"reallife",1
"reccomendations",1
"receiving",1
"recentlyrenovated",1
"recline",1
"recoded",1
"recorded",1
"recs",1
"rectangular",1
"redbrick",1
"redecorated",1
"reds",1
"reentrance",1
"referred",1
"reflect",1
"reflection",1
"refresh",1
"refreshment",1
"refrigerate",1
"refrigeratorcabinet",1
"refund",1
"refurnished",1
"rega",1
"registered",1
"regroup",1
"regulated",1
"regulations",1
"reinhardt",1
"reinvented",1
"relationships",1
"relaxes",1
"relaxinga",1
"religious",1
"rely",1
"remain",1
"remaining",1
"remains",1
"remarkably",1
"remind",1
"reminder",1
"reminding",1
"reminiscent",1
"remo",1
"remove",1
"removed",1
"renaissance",1
"renevated",1
"renowated",1
"renown",1
"rentalaccessible",1
"renters",1
"rents",1
"repair",1
"repeated",1
"replenished",1
"replicate",1
"reply",1
"reports",1
"represent",1
"representational",1
"repurposed",1
"repurposing",1
"requesting",1
"res",1
"rescue",1
"research",1
"reservas",1
"reserved",1
"reservoir",1
"residencial",1
"residing",1
"resolved",1
"respected",1
"respectfulthis",1
"respecting",1
"respetuosa",1
"respetuosas",1
"respit",1
"response",1
"restaraunt",1
"restauants",1
"restaurantbar",1
"restaurantes",1
"restaurantneighborhood",1
"restaurantsaround",1
"restaurantscafesbookstorespharmacies",1
"restaurantsentertainment",1
"restaurantsstores",1
"restaurantssubways",1
"restaurateur",1
"restaurtants",1
"rested",1
"restorants",1
"restos",1
"restruant",1
"retailers",1
"retails",1
"retains",1
"returned",1
"reveal",1
"review",1
"revigo",1
"rez",1
"rhythm",1
"riders",1
"ridgewoodbushwick",1
"righteous",1
"ring",1
"rispetto",1
"riteaid",1
"ritz",1
"riverfront",1
"rivergreen",1
"riverton",1
"riveverside",1
"roaring",1
"robes",1
"robust",1
"rockaways",1
"rockwell",1
"roic",1
"rokuand",1
"role",1
"rom",1
"ronald",1
"roo",1
"roofdeck",1
"roofgarden",1
"roofs",1
"rooftops",1
"room55samsungsmarttvbyodbyoc",1
"roombathroomkitchen",1
"roombuilding",1
"roomfull",1
"roomincludes",1
"roomm",1
"roomorderin",1
"roomspecific",1
"roomswith",1
"roosterginnys",1
"roots",1
"rosalee",1
"ross",1
"roughly",1
"router",1
"routes",1
"rubin",1
"rubirosa",1
"rudys",1
"rumble",1
"rundown",1
"runner",1
"ruths",1
"sa",1
"saarinen",1
"saarinens",1
"saber",1
"sacred",1
"safefamilyfriendly",1
"safequiet",1
"safs",1
"saintly",1
"sales",1
"salir",1
"salty",1
"sam",1
"sample",1
"san",1
"sandwich",1
"sanitize",1
"santorini",1
"saparate",1
"sarah",1
"satellite",1
"satisfy",1
"saturated",1
"saturday",1
"savings",1
"scape",1
"scenario",1
"scenicview",1
"scented",1
"scheme",1
"schillers",1
"schoolhouse",1
"schooling",1
"scissors",1
"scores",1
"scorsese",1
"scott",1
"screams",1
"scrubbed",1
"sea",1
"sealy",1
"seamlessly",1
"seamstress",1
"sean",1
"seated",1
"seater",1
"sec",1
"secluded",1
"seclusion",1
"secondfloor",1
"sections",1
"securitydoorman",1
"segn",1
"seki",1
"selecting",1
"selfcooked",1
"selfguided",1
"selfsufficient",1
"sells",1
"semi",1
"semibasemant",1
"semiloft",1
"seminaries",1
"semiprivate",1
"semistano",1
"sending",1
"seneca",1
"seniors",1
"separately",1
"separates",1
"separation",1
"seperate",1
"seperated",1
"sephora",1
"september",1
"servicedrop",1
"settled",1
"settling",1
"sevennight",1
"seventeen",1
"severs",1
"sexuality",1
"sh",1
"shade",1
"shampooconditioner",1
"shared1",1
"sharp",1
"shaving",1
"sheers",1
"sheetscomforters",1
"sheetstowels",1
"shelfdresser",1
"shelfs",1
"shifts",1
"ship",1
"shipping",1
"shoebox",1
"shoeboxes",1
"shoot",1
"shoping",1
"shoppingrestaurants",1
"shortly",1
"shots",1
"shou",1
"showcase",1
"showcases",1
"showers",1
"shrine",1
"shurz",1
"shut",1
"shy",1
"si",1
"sider",1
"signal",1
"signature",1
"silence",1
"similar",1
"similarly",1
"simpleold",1
"sinai",1
"sinaist",1
"sinatras",1
"sing",1
"singing",1
"singleserve",1
"sintete",1
"siren",1
"sirens",1
"situation",1
"situe",1
"sixth",1
"skate",1
"skateboards",1
"skillets",1
"skirts",1
"skylit",1
"skynews",1
"skyscraper",1
"skyview",1
"slanted",1
"slate",1
"sleepersofa",1
"slept",1
"sligh",1
"slight",1
"slow",1
"slowcooker",1
"smartphonestabletslaptops",1
"smell",1
"smiling",1
"smith",1
"smokefree",1
"smokeing",1
"smokes",1
"smooth",1
"snow",1
"snuggles",1
"soa",1
"soaked",1
"soccer",1
"socially",1
"socks",1
"sofabe",1
"sofacama",1
"soffitto",1
"softball",1
"soften",1
"softening",1
"softness",1
"soggiorno",1
"soha",1
"sohomeatpacking",1
"sohonolita",1
"solarium",1
"solitude",1
"solve",1
"som",1
"someones",1
"somos",1
"sons",1
"sony",1
"sophias",1
"sort",1
"sorts",1
"sou",1
"soundview",1
"southbound",1
"soy",1
"sp",1
"spacedrawers",1
"spain",1
"spalike",1
"spanking",1
"sparse",1
"spartan",1
"spas",1
"spazioso",1
"speakeasy",1
"specially",1
"specifically",1
"spectacle",1
"spectacularly",1
"spends",1
"spent",1
"spilling",1
"spills",1
"spiral",1
"spiritually",1
"splendid",1
"splendidly",1
"sponges",1
"spool",1
"spoon",1
"sporadically",1
"spothero",1
"sprays",1
"sprinkled",1
"sqaure",1
"sqf",1
"squar",1
"squaregarden",1
"squaremidtown",1
"squaretheaters",1
"squeak",1
"squid",1
"sqwashington",1
"ss",1
"stability",1
"stack",1
"stained",1
"stains",1
"staircases",1
"stall",1
"standup",1
"stanley",1
"stantard",1
"stanton",1
"staples",1
"stargazing",1
"start",1
"starz",1
"stashed",1
"stat",1
"stated",1
"stately",1
"stateofart",1
"station23",1
"station7",1
"stationerm",1
"stationon",1
"stations30min",1
"statue",1
"statues",1
"stayed",1
"stealing",1
"steeped",1
"stepup",1
"sterile",1
"stewart",1
"stherald",1
"stlexington",1
"stocking",1
"stomach",1
"stool",1
"stoops",1
"stop6",1
"stopa",1
"storewest",1
"storing",1
"stport",1
"straightening",1
"stray",1
"stree",1
"street78",1
"streetcolumbus",1
"streetwith",1
"stress",1
"stressful",1
"strict",1
"strike",1
"striking",1
"strive",1
"stroller",1
"struggling",1
"sttimes",1
"studentsstaffs",1
"studyliving",1
"sturdy",1
"stuy",1
"styled",1
"styles",1
"subay",1
"subletters",1
"subscriptions",1
"subwaurl",1
"subwaybuses",1
"subwaycar",1
"subways1",1
"subwaytrain",1
"suggested",1
"suit",1
"suits",1
"sulim",1
"sullivan",1
"sum",1
"sunbathe",1
"sunday",1
"sundeck",1
"sundrenched",1
"sunken",1
"sunligh",1
"supercomfortable",1
"supercomfy",1
"superhosts",1
"superiority",1
"supermarketdrugstore",1
"supp",1
"suppliesutensils",1
"supports",1
"supremely",1
"surface",1
"surfing",1
"surprising",1
"surrendered",1
"surrounde",1
"surroundings",1
"surroundsound",1
"surveillance",1
"sustainable",1
"sw",1
"swanky",1
"swathe",1
"sweetest",1
"sweetly",1
"sweets",1
"sweetspot",1
"switching",1
"swooning",1
"sympa",1
"symphony",1
"systems",1
"szd",1
"ta",1
"tabby",1
"tablechairs",1
"taco",1
"tacombi",1
"tacoway",1
"takeaways",1
"taked",1
"talent",1
"talia",1
"talks",1
"taller",1
"tamarind",1
"tanning",1
"tasty",1
"tatamis",1
"tavernas",1
"tawa",1
"taxisuberrental",1
"teacoffee",1
"tech",1
"technically",1
"ted",1
"teenage",1
"teens",1
"temperpedic",1
"temps",1
"tend",1
"tenminutes",1
"tenth",1
"termed",1
"terre",1
"terrier",1
"territories",1
"test",1
"textemail",1
"textile",1
"textphoneemail",1
"thas",1
"thatll",1
"theatres4",1
"thell",1
"theme",1
"themes",1
"therapist",1
"thi",1
"thin",1
"thirdfloor",1
"thompkins",1
"thousands",1
"threadcount",1
"threeavenue",1
"threeminute",1
"threeroom",1
"throggsneck",1
"throgsneck",1
"throughstreet",1
"thruways",1
"ths",1
"tiene",1
"tienen",1
"ties",1
"tight",1
"til",1
"timeless",1
"timeshare",1
"timessquarehellskitchenmidtownwest",1
"timing",1
"tiredness",1
"tissue",1
"tjmaxx",1
"tmz",1
"toast",1
"toasts",1
"tobecoburn",1
"tobys",1
"tod",1
"toilets",1
"tokyo",1
"tom",1
"tomeat",1
"tool",1
"toothbrush",1
"topnotch",1
"topos",1
"topped",1
"torrefaction",1
"touchless",1
"touring",1
"touris",1
"tourism",1
"tours",1
"towelsif",1
"toy",1
"trademarks",1
"tradition",1
"trail",1
"traina",1
"trained",1
"trainingny",1
"trainsbuses",1
"trainsecond",1
"trainsubway",1
"tram",1
"trampoline",1
"transformable",1
"transformed",1
"transpecos",1
"transportationbus",1
"transportationless",1
"transports",1
"traps",1
"travellers",1
"trays",1
"treasure",1
"treated",1
"treeplanted",1
"treetop",1
"tremendous",1
"tremont",1
"trend",1
"trends",1
"trendsetting",1
"trenner",1
"trespassing",1
"triangular",1
"tribecas",1
"tribecca",1
"tricky",1
"trifold",1
"trimmings",1
"triple",1
"troug",1
"trump",1
"tryone",1
"tu",1
"tubshower",1
"tudor",1
"tuft",1
"tutta",1
"tvdvd",1
"tvnetflixhulu",1
"tvwifi",1
"tw",1
"twain",1
"twenties",1
"twinkle",1
"twinkling",1
"twistlocks",1
"two2",1
"twr",1
"ubercitibike",1
"ucook",1
"uhd",1
"uhdtv",1
"ulta",1
"ultrabusy",1
"ultrafashionable",1
"ultraplush",1
"umbrella",1
"unbelievably",1
"uncharacteristically",1
"uncommon",1
"uncomplicated",1
"unconventional",1
"underneath",1
"undoubtedly",1
"unfolder",1
"unforeseen",1
"unfurnished",1
"unheard",1
"uni",1
"uniqueness",1
"unitwalkup",1
"unity",1
"univ",1
"universal",1
"unmatched",1
"unparalleled",1
"unrelated",1
"unrenovated",1
"unrivaled",1
"unusually",1
"unwinding",1
"updates",1
"upe",1
"upgrowing",1
"upholstered",1
"ups",1
"upto",1
"uptowncross",1
"uptowndowntowncrosstown",1
"uptowners",1
"usa",1
"usage",1
"usualy",1
"utens",1
"utensilios",1
"utilize",1
"utmost",1
"utopian",1
"vacant",1
"vacationers",1
"vacations",1
"vacuum",1
"vajilla",1
"valentina",1
"van",1
"vanessa",1
"vanessas",1
"vanitydesk",1
"vans",1
"vaping",1
"variable",1
"vary",1
"varying",1
"vcr",1
"ve",1
"veas",1
"vent",1
"ventanas",1
"ventilated",1
"ventilatori",1
"verandalike",1
"verde",1
"verify",1
"veritable",1
"vernon",1
"vernonjackson",1
"versa",1
"verse",1
"ves",1
"veselka",1
"vetted",1
"viber",1
"vibrations",1
"vice",1
"vicinissimo",1
"victoria",1
"victorias",1
"viewable",1
"viewing",1
"vigilancia",1
"viking",1
"villagegreenwich",1
"villages",1
"villagesohotribeca",1
"villiage",1
"vinateria",1
"vines",1
"virtual",1
"vis",1
"visited",1
"visito",1
"visitorstravers",1
"visitsstay",1
"visual",1
"volleyball",1
"w104th",1
"w24hr",1
"w47st",1
"waking",1
"walgreens",1
"walkability",1
"walker",1
"walkout",1
"walkups",1
"walled",1
"wallstreet",1
"wallunit",1
"wallwidth",1
"walmart",1
"walnut",1
"wamazing",1
"wanna",1
"warby",1
"ward",1
"warehouses",1
"wares",1
"warmer",1
"warmly",1
"warmth",1
"washcloths",1
"washerdryerdishwasher",1
"washergas",1
"washingmachine",1
"washngtn",1
"wate",1
"wateringholes",1
"wbilliards",1
"wc",1
"wcaptains",1
"wchair",1
"wd",1
"wdvd",1
"wealth",1
"wealthiest",1
"wears",1
"weather",1
"web",1
"webenabled",1
"wedged",1
"weed",1
"weeks",1
"wellattended",1
"wellbehaved",1
"wellk",1
"wellknown",1
"welllocated",1
"wellspaced",1
"welltodo",1
"welome",1
"westchester",1
"westeast",1
"westhells",1
"westin",1
"wests",1
"wether",1
"wework",1
"wh",1
"whale",1
"whangers",1
"whatsapp",1
"whdr",1
"wheeling",1
"whenev",1
"whipping",1
"whiteonwhite",1
"whites",1
"wholeness",1
"wholl",1
"whomever",1
"wi",1
"widely",1
"widescreen",1
"widest",1
"wificable",1
"wifiinternet",1
"wifijfk20",1
"wii",1
"wil",1
"willamsburggreenpoint",1
"william",1
"winding",1
"windowsoverall",1
"windowsprovide",1
"wing",1
"winning",1
"winters",1
"wipes",1
"wire",1
"wirefox",1
"wirless",1
"witch",1
"woks",1
"wolf",1
"wolfgang",1
"womb",1
"wonderland",1
"woodhaven",1
"word",1
"words",1
"workers",1
"workinternship",1
"workouts",1
"worktop",1
"workvacation",1
"worldfamous",1
"worries",1
"worthy",1
"wouldnt",1
"wrinkles",1
"write",1
"writing",1
"wrought",1
"wsmall",1
"wst",1
"xiao",1
"xl",1
"xmas",1
"xtra",1
"xxlarge",1
"y7",1
"yaaaay",1
"yatenga",1
"yehs",1
"yellownrq",1
"yog",1
"yonkers",1
"yorkpresbyterian",1
"yorkpresbyterianlawrence",1
"yorkvi",1
"yorkville",1
"youl",1
"zabars",1
"zabarsfairway",1
"zipcodesminutes",1
"zona",1
"zoned",1
"zoobotanical",1
